Date,Name,Year,Letterboxd URI
2023-07-25,Parasite,2019,https://boxd.it/hTha
2023-07-25,Everything Everywhere All at Once,2022,https://boxd.it/jUk4
2023-07-25,Fight Club,1999,https://boxd.it/2a9q
2023-07-25,Joker,2019,https://boxd.it/h4cS
2023-07-25,Knives Out,2019,https://boxd.it/jWEA
2023-07-25,The Batman,2022,https://boxd.it/eDGs
2023-07-25,Spider-Man: Into the Spider-Verse,2018,https://boxd.it/azpY
2023-07-25,Pulp Fiction,1994,https://boxd.it/29Pq
2023-07-25,Interstellar,2014,https://boxd.it/4VZ8
2023-07-25,Midsommar,2019,https://boxd.it/jhxe
2023-07-25,Get Out,2017,https://boxd.it/eOCm
2023-07-25,Whiplash,2014,https://boxd.it/7bQA
2023-07-25,Inception,2010,https://boxd.it/1skk
2023-07-25,The Dark Knight,2008,https://boxd.it/2b0k
2023-07-25,La La Land,2016,https://boxd.it/a5fa
2023-07-25,Spider-Man: No Way Home,2021,https://boxd.it/nwRw
2023-07-25,The Grand Budapest Hotel,2014,https://boxd.it/3ZqO
2023-07-25,The Menu,2022,https://boxd.it/lScm
2023-07-25,American Psycho,2000,https://boxd.it/28Vs
2023-07-25,The Wolf of Wall Street,2013,https://boxd.it/3C1m
2023-07-25,Dune,2021,https://boxd.it/fA7G
2023-07-25,The Truman Show,1998,https://boxd.it/18U8
2023-07-25,Once Upon a Time... in Hollywood,2019,https://boxd.it/gH0O
2023-07-25,Spirited Away,2001,https://boxd.it/2b4m
2023-07-25,The Shining,1980,https://boxd.it/29Nu
2023-07-25,Avengers: Infinity War,2018,https://boxd.it/9vEe
2023-07-25,Inglourious Basterds,2009,https://boxd.it/1JzG
2023-07-25,Avengers: Endgame,2019,https://boxd.it/9vE4
2023-07-25,Black Panther,2018,https://boxd.it/8MHs
2023-07-25,Her,2013,https://boxd.it/4O24
2023-07-25,Forrest Gump,1994,https://boxd.it/728
2023-07-25,Django Unchained,2012,https://boxd.it/2cCk
2023-07-25,The Social Network,2010,https://boxd.it/17ue
2023-07-25,Black Swan,2010,https://boxd.it/Sw0
2023-07-25,Hereditary,2018,https://boxd.it/hNVe
2023-07-25,The Silence of the Lambs,1991,https://boxd.it/2aHW
2023-07-25,The Godfather,1972,https://boxd.it/2aNK
2023-07-25,Guardians of the Galaxy,2014,https://boxd.it/3VH2
2023-07-25,Jojo Rabbit,2019,https://boxd.it/iEBG
2023-07-25,Kill Bill: Vol. 1,2003,https://boxd.it/70w
2023-07-25,The Matrix,1999,https://boxd.it/2a1m
2023-07-25,Taxi Driver,1976,https://boxd.it/2b8y
2023-07-25,Scott Pilgrim vs. the World,2010,https://boxd.it/1Aq6
2023-07-25,Shutter Island,2010,https://boxd.it/1U82
2023-07-25,Ratatouille,2007,https://boxd.it/27ww
2023-07-25,Blade Runner 2049,2017,https://boxd.it/b8wK
2023-07-25,The Lighthouse,2019,https://boxd.it/icFU
2023-07-25,Spider-Man: Homecoming,2017,https://boxd.it/aboM
2023-07-25,Avatar: The Way of Water,2022,https://boxd.it/2E2E
2023-07-25,Fantastic Mr. Fox,2009,https://boxd.it/1WyQ
2023-07-25,Coco,2017,https://boxd.it/bYJQ
2023-07-25,The Shawshank Redemption,1994,https://boxd.it/2aHi
2023-07-25,The Lord of the Rings: The Fellowship of the Ring,2001,https://boxd.it/2b5O
2023-07-25,Us,2019,https://boxd.it/gnV6
2023-07-25,Star Wars,1977,https://boxd.it/72s
2023-07-25,Soul,2020,https://boxd.it/ioLA
2023-07-25,1917,2019,https://boxd.it/jj4y
2023-07-25,Top Gun: Maverick,2022,https://boxd.it/cjr4
2023-07-25,Uncut Gems,2019,https://boxd.it/gXGc
2023-07-25,Deadpool,2016,https://boxd.it/9fOC
2023-07-25,Mad Max: Fury Road,2015,https://boxd.it/2DjO
2023-07-25,Moonlight,2016,https://boxd.it/d6bE
2023-07-25,Inside Out,2015,https://boxd.it/4KHC
2023-07-25,Donnie Darko,2001,https://boxd.it/2b2A
2023-07-25,Dead Poets Society,1989,https://boxd.it/2aSg
2023-07-25,The Avengers,2012,https://boxd.it/1xFW
2023-07-25,Up,2009,https://boxd.it/1OEc
2023-07-25,Back to the Future,1985,https://boxd.it/2b8e
2023-07-25,GoodFellas,1990,https://boxd.it/29FA
2023-07-25,Titanic,1997,https://boxd.it/2a2k
2023-07-25,Avatar,2009,https://boxd.it/1Efm
2023-07-25,10 Things I Hate About You,1999,https://boxd.it/23AO
2023-07-25,Dunkirk,2017,https://boxd.it/d0Y6
2023-07-25,WALL·E,2008,https://boxd.it/1VEo
2023-07-25,Barbie,2023,https://boxd.it/bCLK
2023-07-25,Nightcrawler,2014,https://boxd.it/780m
2023-07-25,Guardians of the Galaxy Vol. 2,2017,https://boxd.it/8MxC
2023-07-25,The Empire Strikes Back,1980,https://boxd.it/27Vw
2023-07-25,A Quiet Place,2018,https://boxd.it/fVJQ
2023-07-25,Puss in Boots: The Last Wish,2022,https://boxd.it/aaie
2023-07-25,Harry Potter and the Prisoner of Azkaban,2004,https://boxd.it/29Qy
2023-07-25,No Country for Old Men,2007,https://boxd.it/21ew
2023-07-25,2001: A Space Odyssey,1968,https://boxd.it/2bf0
2023-07-25,It,2017,https://boxd.it/bC8e
2023-07-25,Marriage Story,2019,https://boxd.it/hJAw
2023-07-25,Tenet,2020,https://boxd.it/leq4
2023-07-25,Good Will Hunting,1997,https://boxd.it/2ahY
2023-07-25,Guardians of the Galaxy Vol. 3,2023,https://boxd.it/fVNI
2023-07-25,Harry Potter and the Philosopher's Stone,2001,https://boxd.it/29QS
2023-07-25,Iron Man,2008,https://boxd.it/28dA
2023-07-25,Spider-Man,2002,https://boxd.it/2a8i
2023-07-25,Howl's Moving Castle,2004,https://boxd.it/23De
2023-07-25,Star Wars: The Force Awakens,2015,https://boxd.it/4vru
2023-07-25,"The French Dispatch of the Liberty, Kansas Evening Sun",2021,https://boxd.it/jLP8
2023-07-25,Toy Story,1995,https://boxd.it/29qA
2023-07-25,Jurassic Park,1993,https://boxd.it/2aA2
2023-07-25,(500) Days of Summer,2009,https://boxd.it/1EmM
2023-07-25,A Clockwork Orange,1971,https://boxd.it/2aVE
2023-07-25,The Incredibles,2004,https://boxd.it/1XLm
2023-07-25,The Lord of the Rings: The Return of the King,2003,https://boxd.it/2b5u
2023-07-25,John Wick,2014,https://boxd.it/7dEc
2023-07-25,My Neighbor Totoro,1988,https://boxd.it/20eA
2023-07-25,The Dark Knight Rises,2012,https://boxd.it/H3m
2023-07-25,Finding Nemo,2003,https://boxd.it/72i
2023-07-25,Alien,1979,https://boxd.it/2awY
2023-07-25,The Witch,2015,https://boxd.it/9X0m
2023-07-25,Shrek,2001,https://boxd.it/29zi
2023-07-25,Mean Girls,2004,https://boxd.it/1VNg
2023-07-25,The Lord of the Rings: The Two Towers,2002,https://boxd.it/2b5E
2023-07-25,Bohemian Rhapsody,2018,https://boxd.it/f1TK
2023-07-25,Spider-Man 2,2004,https://boxd.it/2a88
2023-07-25,"Monsters, Inc.",2001,https://boxd.it/2a46
2023-07-25,The Hunger Games,2012,https://boxd.it/2uds
2023-07-25,Requiem for a Dream,2000,https://boxd.it/29VI
2023-07-25,The Super Mario Bros. Movie,2023,https://boxd.it/i8C8
2023-07-25,Avengers: Age of Ultron,2015,https://boxd.it/3qi6
2023-07-25,Ex Machina,2015,https://boxd.it/7T2k
2023-07-25,Batman Begins,2005,https://boxd.it/2aIg
2023-07-25,Star Wars: The Last Jedi,2017,https://boxd.it/5xme
2023-07-25,Birdman or (The Unexpected Virtue of Ignorance),2014,https://boxd.it/5RFA
2023-07-25,Coraline,2009,https://boxd.it/1NhQ
2023-07-25,Return of the Jedi,1983,https://boxd.it/27Vm
2023-07-25,Harry Potter and the Goblet of Fire,2005,https://boxd.it/29Qo
2023-07-25,Superbad,2007,https://boxd.it/20hO
2023-07-25,The Lion King,1994,https://boxd.it/201Q
2023-07-25,Harry Potter and the Chamber of Secrets,2002,https://boxd.it/29QI
2023-07-25,Encanto,2021,https://boxd.it/kPRu
2023-07-25,There Will Be Blood,2007,https://boxd.it/20Z2
2023-07-25,The Prestige,2006,https://boxd.it/293w
2023-07-25,Rogue One: A Star Wars Story,2016,https://boxd.it/aPvy
2023-07-25,Ant-Man,2015,https://boxd.it/3vmW
2023-07-25,Logan,2017,https://boxd.it/7Piy
2023-07-25,Jaws,1975,https://boxd.it/2a5e
2023-07-25,Harry Potter and the Deathly Hallows: Part 2,2011,https://boxd.it/1RYk
2023-07-25,Home Alone,1990,https://boxd.it/29Fg
2023-07-25,Star Wars: Episode III – Revenge of the Sith,2005,https://boxd.it/27US
2023-07-25,The Departed,2006,https://boxd.it/28MA
2023-07-25,Schindler's List,1993,https://boxd.it/2aq2
2023-07-25,BlacKkKlansman,2018,https://boxd.it/hxL8
2023-07-25,Elvis,2022,https://boxd.it/mK4w
2023-07-25,The Revenant,2015,https://boxd.it/8H5e
2023-07-25,Harry Potter and the Order of the Phoenix,2007,https://boxd.it/29Qe
2023-07-25,The Devil Wears Prada,2006,https://boxd.it/2awE
2023-07-25,Star Wars: The Rise of Skywalker,2019,https://boxd.it/5xlK
2023-07-25,Princess Mononoke,1997,https://boxd.it/2b4w
2023-07-25,Turning Red,2022,https://boxd.it/ipkq
2023-07-25,Ferris Bueller's Day Off,1986,https://boxd.it/1YPY
2023-07-25,Luca,2021,https://boxd.it/ipjC
2023-07-25,The Godfather Part II,1974,https://boxd.it/2aNq
2023-07-25,Pride & Prejudice,2005,https://boxd.it/24u8
2023-07-25,The Amazing Spider-Man,2012,https://boxd.it/27PI
2023-07-25,Kill Bill: Vol. 2,2004,https://boxd.it/2au4
2023-07-25,Raiders of the Lost Ark,1981,https://boxd.it/2bbs
2023-07-25,Harry Potter and the Deathly Hallows: Part 1,2010,https://boxd.it/1RYu
2023-07-25,Saving Private Ryan,1998,https://boxd.it/29ro
2023-07-25,Harry Potter and the Half-Blood Prince,2009,https://boxd.it/29FU
2023-07-25,Deadpool 2,2018,https://boxd.it/dlLM
2023-07-25,Star Wars: Episode I – The Phantom Menace,1999,https://boxd.it/27Vc
2023-07-25,The Thing,1982,https://boxd.it/294O
2023-07-25,Iron Man 3,2013,https://boxd.it/2cBQ
2023-07-25,Toy Story 3,2010,https://boxd.it/1WRe
2023-07-25,The Nightmare Before Christmas,1993,https://boxd.it/1YzQ
2023-07-25,Incredibles 2,2018,https://boxd.it/7IPg
2023-07-25,Trainspotting,1996,https://boxd.it/29XY
2023-07-25,Shrek 2,2004,https://boxd.it/29z8
2023-07-25,Scarface,1983,https://boxd.it/2b7g
2023-07-25,"tick, tick... BOOM!",2021,https://boxd.it/jz2e
2023-07-25,Edward Scissorhands,1990,https://boxd.it/2aZc
2023-07-25,Iron Man 2,2010,https://boxd.it/1WZM
2023-07-25,Pirates of the Caribbean: The Curse of the Black Pearl,2003,https://boxd.it/70G
2023-07-25,Zootopia,2016,https://boxd.it/84xS
2023-07-25,The Great Gatsby,2013,https://boxd.it/JY
2023-07-25,Tangled,2010,https://boxd.it/15gO
2023-07-25,The Irishman,2019,https://boxd.it/dYOq
2023-07-25,Sound of Metal,2019,https://boxd.it/i7Q4
2023-07-25,Isle of Dogs,2018,https://boxd.it/dZrW
2023-07-25,12 Angry Men,1957,https://boxd.it/2auI
2023-07-25,Oppenheimer,2023,https://boxd.it/wUow
2023-07-25,Wonder Woman,2017,https://boxd.it/9roG
2023-07-25,The Hunger Games: Catching Fire,2013,https://boxd.it/3sAw
2023-07-25,Eyes Wide Shut,1999,https://boxd.it/2axs
2023-07-25,Star Wars: Episode II – Attack of the Clones,2002,https://boxd.it/27V2
2023-07-25,Kingsman: The Secret Service,2014,https://boxd.it/6dxe
2023-07-25,Twilight,2008,https://boxd.it/1Zui
2023-07-25,mother!,2017,https://boxd.it/dgRU
2023-07-25,Toy Story 2,1999,https://boxd.it/29qq
2023-07-25,Spider-Man 3,2007,https://boxd.it/2a7Y
2023-07-25,Moana,2016,https://boxd.it/8tfY
2023-07-25,Annihilation,2018,https://boxd.it/9yzm
2023-07-25,Big Hero 6,2014,https://boxd.it/5rje
2023-07-25,A Star Is Born,2018,https://boxd.it/aXgc
2023-07-25,All Quiet on the Western Front,2022,https://boxd.it/H08
2023-07-25,Mamma Mia!,2008,https://boxd.it/1Tnq
2023-07-25,The Black Phone,2021,https://boxd.it/sqFE
2023-07-25,Guillermo del Toro's Pinocchio,2022,https://boxd.it/kjMW
2023-07-25,Venom,2018,https://boxd.it/b8wA
2023-07-25,Toy Story 4,2019,https://boxd.it/9ALu
2023-07-25,E.T. the Extra-Terrestrial,1982,https://boxd.it/2a1G
2023-07-25,Frozen,2013,https://boxd.it/3GNa
2023-07-25,Cruella,2021,https://boxd.it/bbKg
2023-07-25,The Pianist,2002,https://boxd.it/2aqc
2023-07-25,The Conjuring,2013,https://boxd.it/4sr2
2023-07-25,Thor: The Dark World,2013,https://boxd.it/2DqA
2023-07-25,Ocean's Eleven,2001,https://boxd.it/2aZm
2023-07-25,Full Metal Jacket,1987,https://boxd.it/2a1Q
2023-07-25,Gladiator,2000,https://boxd.it/2b9m
2023-07-25,The Imitation Game,2014,https://boxd.it/6aig
2023-07-25,Top Gun,1986,https://boxd.it/29JC
2023-07-25,Charlie and the Chocolate Factory,2005,https://boxd.it/2b68
2023-07-25,Room,2015,https://boxd.it/7T0y
2023-07-25,The Amazing Spider-Man 2,2014,https://boxd.it/3utM
2023-07-25,How to Train Your Dragon,2010,https://boxd.it/1WRy
2023-07-25,It Chapter Two,2019,https://boxd.it/h10u
2023-07-25,Ready Player One,2018,https://boxd.it/aZes
2023-07-25,The Big Short,2015,https://boxd.it/ajZw
2023-07-25,School of Rock,2003,https://boxd.it/28xK
2023-07-25,The Hangover,2009,https://boxd.it/1GjK
2023-07-25,A Quiet Place Part II,2020,https://boxd.it/iTx0
2023-07-25,Zombieland,2009,https://boxd.it/1En6
2023-07-25,Casablanca,1942,https://boxd.it/2aG0
2023-07-25,Cars,2006,https://boxd.it/29ho
2023-07-25,Phantom Thread,2017,https://boxd.it/e4uc
2023-07-25,V for Vendetta,2005,https://boxd.it/29Ik
2023-07-25,The Queen's Gambit,2020,https://boxd.it/s1Ym
2023-07-25,Akira,1988,https://boxd.it/2b1i
2023-07-25,The Lego Movie,2014,https://boxd.it/4pDO
2023-07-25,Fantastic Beasts and Where to Find Them,2016,https://boxd.it/7FPC
2023-07-25,The Exorcist,1973,https://boxd.it/1Yoo
2023-07-25,Fallen Angels,1995,https://boxd.it/1UkW
2023-07-25,Easy A,2010,https://boxd.it/17DK
2023-07-25,Corpse Bride,2005,https://boxd.it/24WQ
2023-07-25,The Invisible Man,2020,https://boxd.it/kWlA
2023-07-25,Jurassic World,2015,https://boxd.it/4n0g
2023-07-25,Squid Game,2021,https://boxd.it/x1OG
2023-07-25,21 Jump Street,2012,https://boxd.it/J0
2023-07-25,Bird Box,2018,https://boxd.it/eh1i
2023-07-25,Legally Blonde,2001,https://boxd.it/1ZNa
2023-07-25,Mulan,1998,https://boxd.it/1VFw
2023-07-25,Green Book,2018,https://boxd.it/hErk
2023-07-25,Kung Fu Panda,2008,https://boxd.it/1Yws
2023-07-25,Suspiria,2018,https://boxd.it/cioI
2023-07-25,Come and See,1985,https://boxd.it/1w9q
2023-07-25,Ponyo,2008,https://boxd.it/1S0A
2023-07-25,La Haine,1995,https://boxd.it/2as8
2023-07-25,The Hunger Games: Mockingjay – Part 1,2014,https://boxd.it/4hka
2023-07-25,The Notebook,2004,https://boxd.it/1UNE
2023-07-25,Solo: A Star Wars Story,2018,https://boxd.it/bGWs
2023-07-25,Eighth Grade,2018,https://boxd.it/hDMG
2023-07-25,Terminator 2: Judgment Day,1991,https://boxd.it/2aGY
2023-07-25,Ghostbusters,1984,https://boxd.it/g2w
2023-07-25,"Crazy, Stupid, Love.",2011,https://boxd.it/D9A
2023-07-25,Wreck-It Ralph,2012,https://boxd.it/2TTS
2023-07-25,Finding Dory,2016,https://boxd.it/4aAA
2023-07-25,Indiana Jones and the Last Crusade,1989,https://boxd.it/2baO
2023-07-25,Life of Pi,2012,https://boxd.it/37pC
2023-07-25,Back to the Future Part II,1989,https://boxd.it/2aYI
2023-07-25,Crazy Rich Asians,2018,https://boxd.it/gfnK
2023-07-25,Groundhog Day,1993,https://boxd.it/2b3e
2023-07-25,Beau Is Afraid,2023,https://boxd.it/u2gE
2023-07-25,X-Men: Days of Future Past,2014,https://boxd.it/4aRw
2023-07-25,Rocky,1976,https://boxd.it/28Uk
2023-07-25,The Greatest Showman,2017,https://boxd.it/acjI
2023-07-25,Raw,2016,https://boxd.it/dLd2
2023-07-25,The Hobbit: An Unexpected Journey,2012,https://boxd.it/GZk
2023-07-25,The Hunger Games: Mockingjay – Part 2,2015,https://boxd.it/4hk0
2023-07-25,Pitch Perfect,2012,https://boxd.it/3OsE
2023-07-25,Rocketman,2019,https://boxd.it/iehK
2023-07-25,Venom: Let There Be Carnage,2021,https://boxd.it/llco
2023-07-25,Pirates of the Caribbean: Dead Man's Chest,2006,https://boxd.it/2bfk
2023-07-25,13 Going on 30,2004,https://boxd.it/1X6e
2023-07-25,Indiana Jones and the Temple of Doom,1984,https://boxd.it/2bb8
2023-07-25,Aladdin,1992,https://boxd.it/29yE
2023-07-25,Now You See Me,2013,https://boxd.it/2Bsu
2023-07-25,Grease,1978,https://boxd.it/29YW
2023-07-25,Monsters University,2013,https://boxd.it/bQm
2023-07-25,Hacksaw Ridge,2016,https://boxd.it/azew
2023-07-25,Man of Steel,2013,https://boxd.it/FRk
2023-07-25,The Blair Witch Project,1999,https://boxd.it/26ua
2023-07-25,Raging Bull,1980,https://boxd.it/28yI
2023-07-25,Zack Snyder's Justice League,2021,https://boxd.it/tLOk
2023-07-25,Love Actually,2003,https://boxd.it/2aeU
2023-07-25,Alice in Wonderland,2010,https://boxd.it/1Spq
2023-07-25,Dazed and Confused,1993,https://boxd.it/1Ylk
2023-07-25,Men in Black,1997,https://boxd.it/2a0I
2023-07-25,The Master,2012,https://boxd.it/2cBG
2023-07-25,Elf,2003,https://boxd.it/1VyK
2023-07-25,Kick-Ass,2010,https://boxd.it/1zaQ
2023-07-25,It's a Wonderful Life,1946,https://boxd.it/28xA
2023-07-25,The Emperor's New Groove,2000,https://boxd.it/1Tey
2023-07-25,Monty Python and the Holy Grail,1975,https://boxd.it/29GI
2023-07-25,Borat: Cultural Learnings of America for Make Benefit Glorious Nation of Kazakhstan,2006,https://boxd.it/2agQ
2023-07-25,Despicable Me,2010,https://boxd.it/1DD8
2023-07-25,Climax,2018,https://boxd.it/ikvo
2023-07-25,The Babadook,2014,https://boxd.it/77xu
2023-07-25,Megamind,2010,https://boxd.it/16Sk
2023-07-25,Wonder Woman 1984,2020,https://boxd.it/gBtA
2023-07-25,The Theory of Everything,2014,https://boxd.it/7YtA
2023-07-25,Saw,2004,https://boxd.it/2aWW
2023-07-25,Lilo & Stitch,2002,https://boxd.it/1TAY
2023-07-25,X-Men: First Class,2011,https://boxd.it/FOA
2023-07-25,Creed,2015,https://boxd.it/a2qk
2023-07-25,The Platform,2019,https://boxd.it/mUm6
2023-07-25,The Incredible Hulk,2008,https://boxd.it/28dU
2023-07-25,Minions: The Rise of Gru,2022,https://boxd.it/fz9w
2023-07-25,Slumdog Millionaire,2008,https://boxd.it/1S3E
2023-07-25,Ice Age,2002,https://boxd.it/2apS
2023-07-25,Zoolander,2001,https://boxd.it/1YMA
2023-07-25,The Iron Giant,1999,https://boxd.it/1Wow
2023-07-25,The Devil All the Time,2020,https://boxd.it/i2tY
2023-07-25,Godzilla vs. Kong,2021,https://boxd.it/e0qK
2023-07-25,Frozen II,2019,https://boxd.it/aPvo
2023-07-25,The Disaster Artist,2017,https://boxd.it/cTqc
2023-07-25,The Princess Diaries,2001,https://boxd.it/1XCO
2023-07-25,The Matrix Reloaded,2003,https://boxd.it/2a1c
2023-07-25,Beauty and the Beast,1991,https://boxd.it/1XhG
2023-07-25,The Hobbit: The Desolation of Smaug,2013,https://boxd.it/nmS
2023-07-25,Home Alone 2: Lost in New York,1992,https://boxd.it/29F6
2023-07-25,Rango,2011,https://boxd.it/QPk
2023-07-25,Madagascar,2005,https://boxd.it/29dc
2023-07-25,The Maze Runner,2014,https://boxd.it/5YPM
2023-07-25,Matilda,1996,https://boxd.it/1VhY
2023-07-25,Night at the Museum,2006,https://boxd.it/28wi
2023-07-25,Hercules,1997,https://boxd.it/1SDW
2023-07-25,Kingsman: The Golden Circle,2017,https://boxd.it/buJm
2023-07-25,Romeo + Juliet,1996,https://boxd.it/2ama
2023-07-25,Pirates of the Caribbean: At World's End,2007,https://boxd.it/2aGu
2023-07-25,Big Fish,2003,https://boxd.it/2a3M
2023-07-25,Justice League,2017,https://boxd.it/4w68
2023-07-25,How the Grinch Stole Christmas,2000,https://boxd.it/1ZHQ
2023-07-25,A Bug's Life,1998,https://boxd.it/1Yyy
2023-07-25,The Secret Life of Walter Mitty,2013,https://boxd.it/3SWy
2023-07-25,Hidden Figures,2016,https://boxd.it/dgS4
2023-07-25,Life Is Beautiful,1997,https://boxd.it/29Wm
2023-07-25,The Pursuit of Happyness,2006,https://boxd.it/28PE
2023-07-25,The Little Mermaid,1989,https://boxd.it/1WYO
2023-07-25,"The Chronicles of Narnia: The Lion, the Witch and the Wardrobe",2005,https://boxd.it/2ark
2023-07-25,I Am Legend,2007,https://boxd.it/21DG
2023-07-25,The Fly,1986,https://boxd.it/1YIe
2023-07-25,Back to the Future Part III,1990,https://boxd.it/2aTS
2023-07-25,A Beautiful Mind,2001,https://boxd.it/2amk
2023-07-25,Pretty Woman,1990,https://boxd.it/2b6M
2023-07-25,The Wizard of Oz,1939,https://boxd.it/29Xu
2023-07-25,The Hobbit: The Battle of the Five Armies,2014,https://boxd.it/43aU
2023-07-25,The Parent Trap,1998,https://boxd.it/1XJq
2023-07-25,The Twilight Saga: New Moon,2009,https://boxd.it/1Hj2
2023-07-25,This Is the End,2013,https://boxd.it/3GB4
2023-07-25,Napoleon Dynamite,2004,https://boxd.it/20wu
2023-07-25,Amadeus,1984,https://boxd.it/2aH8
2023-07-25,Jurassic World: Fallen Kingdom,2018,https://boxd.it/bOnU
2023-07-25,Jurassic World Dominion,2022,https://boxd.it/ikXW
2023-07-25,The Mask,1994,https://boxd.it/29rS
2023-07-25,Moulin Rouge!,2001,https://boxd.it/29wI
2023-07-25,The Princess and the Frog,2009,https://boxd.it/1WQq
2023-07-25,Airplane!,1980,https://boxd.it/29yu
2023-07-25,X-Men,2000,https://boxd.it/1a7s
2023-07-25,X-Men: Apocalypse,2016,https://boxd.it/7eJi
2023-07-25,The Polar Express,2004,https://boxd.it/23am
2023-07-25,Fantastic Beasts: The Crimes of Grindelwald,2018,https://boxd.it/bg8G
2023-07-25,Les Misérables,2012,https://boxd.it/2TT4
2023-07-25,The Lion King,2019,https://boxd.it/eSjI
2023-07-25,Lucy,2014,https://boxd.it/75hu
2023-07-25,Kong: Skull Island,2017,https://boxd.it/9ewM
2023-07-25,Indiana Jones and the Kingdom of the Crystal Skull,2008,https://boxd.it/2aR8
2023-07-25,Insidious,2010,https://boxd.it/H4k
2023-07-25,Hamilton,2020,https://boxd.it/kmvE
2023-07-25,The Conjuring 2,2016,https://boxd.it/7GJg
2023-07-25,Lightyear,2022,https://boxd.it/qV1G
2023-07-25,Rise of the Planet of the Apes,2011,https://boxd.it/cS4
2023-07-25,District 9,2009,https://boxd.it/1Iik
2023-07-25,The King's Speech,2010,https://boxd.it/dX0
2023-07-25,The Mummy,1999,https://boxd.it/2a7a
2023-07-25,The 40 Year Old Virgin,2005,https://boxd.it/21hK
2023-07-25,Sherlock Holmes,2009,https://boxd.it/1W2A
2023-07-25,Tropic Thunder,2008,https://boxd.it/20WM
2023-07-25,We're the Millers,2013,https://boxd.it/4srQ
2023-07-25,Fear and Loathing in Las Vegas,1998,https://boxd.it/27Xs
2023-07-25,Bridesmaids,2011,https://boxd.it/rac
2023-07-25,Shrek the Third,2007,https://boxd.it/29yY
2023-07-25,Hugo,2011,https://boxd.it/R08
2023-07-25,Prometheus,2012,https://boxd.it/2s9e
2023-07-25,Gremlins,1984,https://boxd.it/29gg
2023-07-25,Aladdin,2019,https://boxd.it/eSjy
2023-07-25,Scooby-Doo,2002,https://boxd.it/1YaQ
2023-07-25,The Matrix Revolutions,2003,https://boxd.it/2a12
2023-07-25,Batman Returns,1992,https://boxd.it/2awa
2023-07-25,How to Train Your Dragon 2,2014,https://boxd.it/2TRW
2023-07-25,Ralph Breaks the Internet,2018,https://boxd.it/edAy
2023-07-25,The Fault in Our Stars,2014,https://boxd.it/6BQa
2023-07-25,The Help,2011,https://boxd.it/EDm
2023-07-25,Klaus,2019,https://boxd.it/ipoi
2023-07-25,Maleficent,2014,https://boxd.it/3v1u
2023-07-25,Transformers,2007,https://boxd.it/280c
2023-07-25,Dawn of the Planet of the Apes,2014,https://boxd.it/3XyQ
2023-07-25,The Fifth Element,1997,https://boxd.it/71k
2023-07-25,Fury,2014,https://boxd.it/6JwC
2023-07-25,The Twilight Saga: Eclipse,2010,https://boxd.it/1ytW
2023-07-25,Willy Wonka & the Chocolate Factory,1971,https://boxd.it/2aLu
2023-07-25,The Conjuring: The Devil Made Me Do It,2021,https://boxd.it/eXZY
2023-07-25,Happy Death Day,2017,https://boxd.it/fDz4
2023-07-25,Freaky Friday,2003,https://boxd.it/1WwK
2023-07-25,300,2006,https://boxd.it/28XI
2023-07-25,Sweeney Todd: The Demon Barber of Fleet Street,2007,https://boxd.it/1PcS
2023-07-25,The Fast and the Furious,2001,https://boxd.it/1XMu
2023-07-25,Sonic the Hedgehog,2020,https://boxd.it/gdK8
2023-07-25,Under the Silver Lake,2018,https://boxd.it/dSAs
2023-07-25,Anchorman: The Legend of Ron Burgundy,2004,https://boxd.it/1ZVo
2023-07-25,Enchanted,2007,https://boxd.it/24co
2023-07-25,The Purge,2013,https://boxd.it/4Xg0
2023-07-25,Cars 2,2011,https://boxd.it/H4Y
2023-07-25,Cloudy with a Chance of Meatballs,2009,https://boxd.it/1A40
2023-07-25,50 First Dates,2004,https://boxd.it/285c
2023-07-25,The Boy in the Striped Pyjamas,2008,https://boxd.it/1NOK
2023-07-25,The Twilight Saga: Breaking Dawn – Part 2,2012,https://boxd.it/DdC
2023-07-25,The Simpsons Movie,2007,https://boxd.it/6YU
2023-07-25,Bee Movie,2007,https://boxd.it/22Vw
2023-07-25,Hush,2016,https://boxd.it/d5ys
2023-07-25,High School Musical,2006,https://boxd.it/1V0y
2023-07-25,Braveheart,1995,https://boxd.it/2aTI
2023-07-25,Spring Breakers,2012,https://boxd.it/421s
2023-07-25,X2,2003,https://boxd.it/1a7i
2023-07-25,Hellraiser,1987,https://boxd.it/1Zpi
2023-07-25,The Twilight Saga: Breaking Dawn – Part 1,2011,https://boxd.it/DdM
2023-07-25,War for the Planet of the Apes,2017,https://boxd.it/8FE2
2023-07-25,The Lost World: Jurassic Park,1997,https://boxd.it/2azS
2023-07-25,Black Mirror: Bandersnatch,2018,https://boxd.it/kTDG
2023-07-25,True Grit,2010,https://boxd.it/Sog
2023-07-25,Kung Fu Panda 2,2011,https://boxd.it/G36
2023-07-25,Godzilla,2014,https://boxd.it/47OE
2023-07-25,Orphan,2009,https://boxd.it/1CgM
2023-07-25,The Godfather Part III,1990,https://boxd.it/2aN6
2023-07-25,Who Framed Roger Rabbit,1988,https://boxd.it/29ry
2023-07-25,Sinister,2012,https://boxd.it/2TnW
2023-07-25,Tarzan,1999,https://boxd.it/18YO
2023-07-25,Fantastic Beasts: The Secrets of Dumbledore,2022,https://boxd.it/bg8Q
2023-07-25,Despicable Me 2,2013,https://boxd.it/3gg0
2023-07-25,The Skin I Live In,2011,https://boxd.it/99A
2023-07-25,Pirates of the Caribbean: On Stranger Tides,2011,https://boxd.it/27Z4
2023-07-25,The Wolverine,2013,https://boxd.it/2CWU
2023-07-25,American Sniper,2014,https://boxd.it/5LDy
2023-07-25,White Chicks,2004,https://boxd.it/1SpK
2023-07-25,Vice,2018,https://boxd.it/fcFY
2023-07-25,Submarine,2010,https://boxd.it/H4a
2023-07-25,Pirates of the Caribbean: Dead Men Tell No Tales,2017,https://boxd.it/5a9m
2023-07-25,Project X,2012,https://boxd.it/neO
2023-07-25,Click,2006,https://boxd.it/1YVM
2023-07-25,Silence,2016,https://boxd.it/2cAo
2023-07-25,The Talented Mr. Ripley,1999,https://boxd.it/2924
2023-07-25,Monster House,2006,https://boxd.it/1Z2e
2023-07-25,Thirteen,2003,https://boxd.it/1UPK
2023-07-25,What's Eating Gilbert Grape,1993,https://boxd.it/28xg
2023-07-25,The Interview,2014,https://boxd.it/6KQ4
2023-07-25,The SpongeBob SquarePants Movie,2004,https://boxd.it/1SYq
2023-07-25,The Ring,2002,https://boxd.it/2a70
2023-07-25,Creed II,2018,https://boxd.it/hgl8
2023-07-25,X-Men: The Last Stand,2006,https://boxd.it/1a5Q
2023-07-25,Alice in Wonderland,1951,https://boxd.it/1Sz6
2023-07-25,In the Heights,2021,https://boxd.it/gLhu
2023-07-25,X-Men Origins: Wolverine,2009,https://boxd.it/27ug
2023-07-25,Shrek Forever After,2010,https://boxd.it/1WRo
2023-07-25,Shark Tale,2004,https://boxd.it/1VYe
2023-07-25,How to Train Your Dragon: The Hidden World,2019,https://boxd.it/5a9w
2023-07-25,The Room,2003,https://boxd.it/1ICY
2023-07-25,Grown Ups,2010,https://boxd.it/169a
2023-07-25,The Lost City,2022,https://boxd.it/sg0Q
2023-07-25,Chicago,2002,https://boxd.it/28zm
2023-07-25,Bruce Almighty,2003,https://boxd.it/2aCC
2023-07-25,The Man from U.N.C.L.E.,2015,https://boxd.it/67lG
2023-07-25,Lamb,2021,https://boxd.it/tFwE
2023-07-25,The Jungle Book,2016,https://boxd.it/8wjk
2023-07-25,The Karate Kid,1984,https://boxd.it/27Wk
2023-07-25,Hotel Transylvania,2012,https://boxd.it/2DF6
2023-07-25,Chicken Run,2000,https://boxd.it/20Xg
2023-07-25,Bolt,2008,https://boxd.it/1QXg
2023-07-25,The Hangover Part II,2011,https://boxd.it/PZI
2023-07-25,"Crouching Tiger, Hidden Dragon",2000,https://boxd.it/2b1M
2023-07-25,Pocahontas,1995,https://boxd.it/1W2g
2023-07-25,Mrs. Doubtfire,1993,https://boxd.it/29Cw
2023-07-25,Minions,2015,https://boxd.it/6jCO
2023-07-25,She's the Man,2006,https://boxd.it/1Y7W
2023-07-25,West Side Story,1961,https://boxd.it/28dK
2023-07-25,King Kong,2005,https://boxd.it/2aLa
2023-07-25,The Fast and the Furious: Tokyo Drift,2006,https://boxd.it/1Yeo
2023-07-25,National Treasure,2004,https://boxd.it/27x0
2023-07-25,Pineapple Express,2008,https://boxd.it/1WRS
2023-07-25,Furious 7,2015,https://boxd.it/5cVs
2023-07-25,Jackass Forever,2022,https://boxd.it/opUg
2023-07-25,Fantastic Four,2005,https://boxd.it/1XVw
2023-07-25,The Lovely Bones,2009,https://boxd.it/20IA
2023-07-25,Steve Jobs,2015,https://boxd.it/araG
2023-07-25,American Pie,1999,https://boxd.it/27qy
2023-07-25,It Comes at Night,2017,https://boxd.it/eLuk
2023-07-25,High School Musical 2,2007,https://boxd.it/1PIu
2023-07-25,Sing,2016,https://boxd.it/b5EQ
2023-07-25,Dumb and Dumber,1994,https://boxd.it/206m
2023-07-25,Pinocchio,1940,https://boxd.it/1V8C
2023-07-25,Fantasia,1940,https://boxd.it/29HG
2023-07-25,Fast Five,2011,https://boxd.it/BgO
2023-07-25,Straight Outta Compton,2015,https://boxd.it/8rMc
2023-07-25,Robots,2005,https://boxd.it/1Xve
2023-07-25,War Dogs,2016,https://boxd.it/9SlO
2023-07-25,TRON: Legacy,2010,https://boxd.it/1Dlo
2023-07-25,The Prince of Egypt,1998,https://boxd.it/1XGQ
2023-07-25,Chicken Little,2005,https://boxd.it/1Xnu
2023-07-25,Sherlock Holmes: A Game of Shadows,2011,https://boxd.it/k3S
2023-07-25,Paranormal Activity,2007,https://boxd.it/1yIM
2023-07-25,The Untouchables,1987,https://boxd.it/2b6i
2023-07-25,Bambi,1942,https://boxd.it/25AQ
2023-07-25,Austin Powers: International Man of Mystery,1997,https://boxd.it/29y0
2023-07-25,F9,2021,https://boxd.it/dqsU
2023-07-25,Treasure Planet,2002,https://boxd.it/1Znm
2023-07-25,Neighbors,2014,https://boxd.it/5Txe
2023-07-25,Jurassic Park III,2001,https://boxd.it/2azI
2023-07-25,The Lorax,2012,https://boxd.it/2w9M
2023-07-25,Cars 3,2017,https://boxd.it/7IPq
2023-07-25,Madagascar: Escape 2 Africa,2008,https://boxd.it/1W2K
2023-07-25,"Salò, or the 120 Days of Sodom",1975,https://boxd.it/237s
2023-07-25,To Kill a Mockingbird,1962,https://boxd.it/2a2E
2023-07-25,Hook,1991,https://boxd.it/29nQ
2023-07-25,Brother Bear,2003,https://boxd.it/1Xjs
2023-07-25,2012,2009,https://boxd.it/1OE2
2023-07-25,The Ritual,2017,https://boxd.it/fo0I
2023-07-25,Men in Black II,2002,https://boxd.it/2a0y
2023-07-25,Ice Age: The Meltdown,2006,https://boxd.it/2wRk
2023-07-25,Limitless,2011,https://boxd.it/Aly
2023-07-25,Happy Feet,2006,https://boxd.it/1XH0
2023-07-25,The Devil's Advocate,1997,https://boxd.it/286k
2023-07-25,Mulan,2020,https://boxd.it/bbK6
2023-07-25,Hairspray,2007,https://boxd.it/261M
2023-07-25,The Holy Mountain,1973,https://boxd.it/20mu
2023-07-25,The Hunchback of Notre Dame,1996,https://boxd.it/1VZQ
2023-07-25,The Two Popes,2019,https://boxd.it/k8Xk
2023-07-25,One Hundred and One Dalmatians,1961,https://boxd.it/1SeC
2023-07-25,Batman Forever,1995,https://boxd.it/2ara
2023-07-25,The Danish Girl,2015,https://boxd.it/9Ohy
2023-07-25,The Meg,2018,https://boxd.it/bAL4
2023-07-25,Troy,2004,https://boxd.it/29TW
2023-07-25,Rebel Without a Cause,1955,https://boxd.it/2aQu
2023-07-25,The Nun,2018,https://boxd.it/fBkw
2023-07-25,The Jungle Book,1967,https://boxd.it/1YY2
2023-07-25,"As Above, So Below",2014,https://boxd.it/7yui
2023-07-25,Saw II,2005,https://boxd.it/2aRs
2023-07-25,Puss in Boots,2011,https://boxd.it/eL34
2023-07-25,Rio,2011,https://boxd.it/NKc
2023-07-25,Yes Man,2008,https://boxd.it/1WPW
2023-07-25,Percy Jackson & the Olympians: The Lightning Thief,2010,https://boxd.it/1gJi
2023-07-25,Terrifier,2016,https://boxd.it/eRzg
2023-07-25,Gerald's Game,2017,https://boxd.it/buKa
2023-07-25,Ace Ventura: Pet Detective,1994,https://boxd.it/25RW
2023-07-25,Peter Pan,1953,https://boxd.it/1VCC
2023-07-25,Miss Congeniality,2000,https://boxd.it/28GM
2023-07-25,The Blues Brothers,1980,https://boxd.it/2adi
2023-07-25,Sleeping Beauty,1959,https://boxd.it/1V9A
2023-07-25,Over the Hedge,2006,https://boxd.it/20QY
2023-07-25,Kung Fu Panda 3,2016,https://boxd.it/4uRQ
2023-07-25,The Bourne Ultimatum,2007,https://boxd.it/26Eu
2023-07-25,The Good Dinosaur,2015,https://boxd.it/3AD4
2023-07-25,Happy Gilmore,1996,https://boxd.it/1Yey
2023-07-25,Transformers: Revenge of the Fallen,2009,https://boxd.it/20gG
2023-07-25,Liar Liar,1997,https://boxd.it/28sg
2023-07-25,Meet the Robinsons,2007,https://boxd.it/28Ym
2023-07-25,The Secret Life of Pets,2016,https://boxd.it/aJ5E
2023-07-25,Sully,2016,https://boxd.it/cD8Q
2023-07-25,DodgeBall: A True Underdog Story,2004,https://boxd.it/1YAY
2023-07-25,17 Again,2009,https://boxd.it/1Jnq
2023-07-25,First Blood,1982,https://boxd.it/28U0
2023-07-25,Spy Kids,2001,https://boxd.it/1Xcw
2023-07-25,Meet the Parents,2000,https://boxd.it/28vE
2023-07-25,Fifty Shades of Grey,2015,https://boxd.it/6qLo
2023-07-25,Rise of the Guardians,2012,https://boxd.it/2PXw
2023-07-25,The Social Dilemma,2020,https://boxd.it/opQI
2023-07-25,The Dictator,2012,https://boxd.it/2DEW
2023-07-25,"Extremely Wicked, Shockingly Evil and Vile",2019,https://boxd.it/glCG
2023-07-25,Dumbo,1941,https://boxd.it/1U2o
2023-07-25,Transformers: Dark of the Moon,2011,https://boxd.it/16aC
2023-07-25,Lady and the Tramp,1955,https://boxd.it/1Wv8
2023-07-25,The Karate Kid,2010,https://boxd.it/15HA
2023-07-25,Escape Room,2019,https://boxd.it/iYlS
2023-07-25,The Artist,2011,https://boxd.it/2AwK
2023-07-25,Stuart Little,1999,https://boxd.it/1WZW
2023-07-25,Fast & Furious,2009,https://boxd.it/1Pnm
2023-07-25,City Lights,1931,https://boxd.it/29ki
2023-07-25,The Muppets,2011,https://boxd.it/1zg
2023-07-25,Cats,2019,https://boxd.it/jydK
2023-07-25,Night at the Museum: Battle of the Smithsonian,2009,https://boxd.it/1H7U
2023-07-25,Harry Potter 20th Anniversary: Return to Hogwarts,2022,https://boxd.it/xXJk
2023-07-25,A Cure for Wellness,2016,https://boxd.it/bkQW
2023-07-25,Holes,2003,https://boxd.it/20mE
2023-07-25,Alvin and the Chipmunks,2007,https://boxd.it/21E0
2023-07-25,High School Musical 3: Senior Year,2008,https://boxd.it/1SR0
2023-07-25,The Hangover Part III,2013,https://boxd.it/3GNY
2023-07-25,Black Mirror: San Junipero,2016,https://boxd.it/k4aS
2023-07-25,The Great Dictator,1940,https://boxd.it/29ic
2023-07-25,Annabelle,2014,https://boxd.it/7l84
2023-07-25,Just Go with It,2011,https://boxd.it/Doq
2023-07-25,Rocky II,1979,https://boxd.it/28Ua
2023-07-25,Ice Age: Dawn of the Dinosaurs,2009,https://boxd.it/20iC
2023-07-25,Fantastic Four: Rise of the Silver Surfer,2007,https://boxd.it/27Ii
2023-07-25,The Aristocats,1970,https://boxd.it/1X3Y
2023-07-25,The Croods,2013,https://boxd.it/FRE
2023-07-25,Rocky IV,1985,https://boxd.it/28T2
2023-07-25,Speed Racer,2008,https://boxd.it/20UQ
2023-07-25,Christopher Robin,2018,https://boxd.it/eSj4
2023-07-25,The Cat in the Hat,2003,https://boxd.it/1VSU
2023-07-25,Scooby-Doo 2: Monsters Unleashed,2004,https://boxd.it/1UPA
2023-07-25,Monsters vs Aliens,2009,https://boxd.it/1M50
2023-07-25,Surf's Up,2007,https://boxd.it/1YKY
2023-07-25,The Naked Gun: From the Files of Police Squad!,1988,https://boxd.it/18YE
2023-07-25,Sing 2,2021,https://boxd.it/fAnE
2023-07-25,Austin Powers: The Spy Who Shagged Me,1999,https://boxd.it/29xQ
2023-07-25,Tusk,2014,https://boxd.it/7eoa
2023-07-25,Madagascar 3: Europe's Most Wanted,2012,https://boxd.it/2NF6
2023-07-25,Blazing Saddles,1974,https://boxd.it/1UHQ
2023-07-25,Detachment,2011,https://boxd.it/2BiY
2023-07-25,The Chronicles of Narnia: Prince Caspian,2008,https://boxd.it/26Hy
2023-07-25,Unfriended,2014,https://boxd.it/8sXg
2023-07-25,Cowboy Bebop,1998,https://boxd.it/ptES
2023-07-25,A Knight's Tale,2001,https://boxd.it/1YAk
2023-07-25,Spaceballs,1987,https://boxd.it/29cy
2023-07-25,DAHMER - Monster: The Jeffrey Dahmer Story,2022,https://boxd.it/CRG0
2023-07-25,The Mummy Returns,2001,https://boxd.it/28cs
2023-07-25,Saw III,2006,https://boxd.it/2aRC
2023-07-25,Rocky III,1982,https://boxd.it/28Tw
2023-07-25,Insidious: Chapter 2,2013,https://boxd.it/3dqc
2023-07-25,Serpico,1973,https://boxd.it/1ZjE
2023-07-25,Spiderhead,2022,https://boxd.it/mLsO
2023-07-25,A Cinderella Story,2004,https://boxd.it/1UgU
2023-07-25,Baywatch,2017,https://boxd.it/biG6
2023-07-25,Annabelle: Creation,2017,https://boxd.it/dSxe
2023-07-25,Sky High,2005,https://boxd.it/1TNI
2023-07-25,The Road to El Dorado,2000,https://boxd.it/1W6s
2023-07-25,Flipped,2010,https://boxd.it/Tb8
2023-07-25,Transformers: Age of Extinction,2014,https://boxd.it/3d1m
2023-07-25,Diary of a Wimpy Kid,2010,https://boxd.it/1fUa
2023-07-25,Magic Mike,2012,https://boxd.it/2HvY
2023-07-25,Grown Ups 2,2013,https://boxd.it/3GAq
2023-07-25,The Last Airbender,2010,https://boxd.it/1WQK
2023-07-25,Austin Powers in Goldmember,2002,https://boxd.it/29xG
2023-07-25,Anchorman 2: The Legend Continues,2013,https://boxd.it/3GNk
2023-07-25,A Goofy Movie,1995,https://boxd.it/1Lwu
2023-07-25,"South Park: Bigger, Longer & Uncut",1999,https://boxd.it/1YAO
2023-07-25,The Omen,1976,https://boxd.it/29By
2023-07-25,Remember the Titans,2000,https://boxd.it/1VLk
2023-07-25,Casper,1995,https://boxd.it/1ZMw
2023-07-25,Big Eyes,2014,https://boxd.it/36ms
2023-07-25,Hulk,2003,https://boxd.it/27PS
2023-07-25,The Birdcage,1996,https://boxd.it/1UTi
2023-07-25,Radiohead: In Rainbows - From the Basement,2008,https://boxd.it/g7G
2023-07-25,The Beatles: Get Back,2021,https://boxd.it/xo7A
2023-07-25,Avatar Spirits,2010,https://boxd.it/8vKa
2023-07-25,"history of the entire world, i guess",2017,https://boxd.it/rQx0
2023-07-25,Death Note,2006,https://boxd.it/psEs
2023-07-26,Black Mirror: The National Anthem,2011,https://boxd.it/hQYK
2023-07-26,Black Mirror: Fifteen Million Merits,2011,https://boxd.it/hQYU
2023-07-26,Black Mirror: The Entire History of You,2011,https://boxd.it/hQZ4
2023-07-26,Black Mirror: Be Right Back,2013,https://boxd.it/hRpw
2023-07-26,Black Mirror: White Bear,2013,https://boxd.it/hRpG
2023-07-26,Black Mirror: The Waldo Moment,2013,https://boxd.it/hRpQ
2023-07-26,Black Mirror: White Christmas,2014,https://boxd.it/B3qu
2023-07-26,Black Mirror: Nosedive,2016,https://boxd.it/hK9G
2023-07-26,Black Mirror: Playtest,2016,https://boxd.it/hRR6
2023-07-26,Black Mirror: Shut Up and Dance,2016,https://boxd.it/hRRq
2023-07-26,Black Mirror: Hated in the Nation,2016,https://boxd.it/hSBI
2023-07-26,Black Mirror: USS Callister,2017,https://boxd.it/hQXi
2023-07-26,Black Mirror: Arkangel,2017,https://boxd.it/hQXW
2023-07-26,Black Mirror: Crocodile,2017,https://boxd.it/hRoS
2023-07-26,Black Mirror: Hang the DJ,2017,https://boxd.it/hQYA
2023-07-26,Black Mirror: Metalhead,2017,https://boxd.it/hRqk
2023-07-26,Black Mirror: Black Museum,2017,https://boxd.it/hRqu
2023-07-26,Black Mirror: Striking Vipers,2019,https://boxd.it/mlse
2023-07-26,Black Mirror: Smithereens,2019,https://boxd.it/mltc
2023-07-26,"Black Mirror: Rachel, Jack and Ashley Too",2019,https://boxd.it/mltQ
2023-07-26,Black Mirror: Loch Henry,2023,https://boxd.it/H7Pg
2023-07-26,Black Mirror: Beyond the Sea,2023,https://boxd.it/H7QI
2023-07-26,Black Mirror: Mazey Day,2023,https://boxd.it/H7QS
2023-07-26,Black Mirror: Demon 79,2023,https://boxd.it/H7Rc
2023-07-26,Ice Princess,2005,https://boxd.it/1QjA
2023-07-26,Sydney White,2007,https://boxd.it/1VsM
2023-07-26,Bride Wars,2009,https://boxd.it/1W3I
2023-07-27,Fantasia 2000,1999,https://boxd.it/ENG
2023-07-27,Horton Hears a Who!,2008,https://boxd.it/1SfA
2023-07-27,Antz,1998,https://boxd.it/1ZB4
2023-07-27,The Tale of Despereaux,2008,https://boxd.it/1WQg
2023-07-27,Atlantis: The Lost Empire,2001,https://boxd.it/1Vck
2023-07-27,The Ant Bully,2006,https://boxd.it/1XyM
2023-07-27,Alpha and Omega,2010,https://boxd.it/1R9w
2023-07-27,Charlotte's Web,2006,https://boxd.it/1Xn0
2023-07-27,Jimmy Neutron: Boy Genius,2001,https://boxd.it/1RDm
2023-07-27,The Land Before Time,1988,https://boxd.it/1Sr2
2023-07-27,The Emoji Movie,2017,https://boxd.it/d9x4
2023-07-27,Gnomeo & Juliet,2011,https://boxd.it/OKi
2023-07-27,Dumbo,2019,https://boxd.it/aNYI
2023-07-27,Open Season,2006,https://boxd.it/20U2
2023-07-27,Winnie the Pooh,2011,https://boxd.it/C0C
2023-07-27,Curious George,2006,https://boxd.it/1Xos
2023-07-27,A Boy Named Charlie Brown,1969,https://boxd.it/1MmA
2023-07-27,Penguins of Madagascar,2014,https://boxd.it/89tc
2023-07-27,Cloudy with a Chance of Meatballs 2,2013,https://boxd.it/3GMw
2023-07-27,Spy Kids 3-D: Game Over,2003,https://boxd.it/1S7w
2023-07-27,Spirit: Stallion of the Cimarron,2002,https://boxd.it/1Zmo
2023-07-27,The Lion King 1½,2004,https://boxd.it/1TRg
2023-07-27,The Angry Birds Movie,2016,https://boxd.it/4PBu
2023-07-27,Planet 51,2009,https://boxd.it/1JA0
2023-07-27,Hotel Transylvania 2,2015,https://boxd.it/4ZLk
2023-07-27,Snow White and the Seven Dwarfs,1937,https://boxd.it/2arO
2023-07-27,Barnyard,2006,https://boxd.it/1XyC
2023-07-27,Osmosis Jones,2001,https://boxd.it/1RAi
2023-07-27,Home on the Range,2004,https://boxd.it/1PB4
2023-07-27,Legend of the Guardians: The Owls of Ga'Hoole,2010,https://boxd.it/ZUy
2023-07-27,A Matter of Loaf and Death,2008,https://boxd.it/1O4S
2023-07-27,The SpongeBob Movie: Sponge Out of Water,2015,https://boxd.it/6JxU
2023-07-27,Hotel Transylvania 3: Summer Vacation,2018,https://boxd.it/e1zI
2023-07-27,G-Force,2009,https://boxd.it/1ETc
2023-07-27,The Fox and the Hound,1981,https://boxd.it/1V0o
2023-07-27,The Lego Ninjago Movie,2017,https://boxd.it/8lEw
2023-07-27,Aladdin and the King of Thieves,1996,https://boxd.it/1Ui2
2023-07-27,The Adventures of Sharkboy and Lavagirl,2005,https://boxd.it/1Ozm
2023-07-27,The Smurfs,2011,https://boxd.it/Zcm
2023-07-27,Tron,1982,https://boxd.it/2b9w
2023-07-27,Rudolph the Red-Nosed Reindeer,1964,https://boxd.it/1Qis
2023-07-27,"It's the Great Pumpkin, Charlie Brown",1966,https://boxd.it/1Qmu
2023-07-27,Stuart Little 2,2002,https://boxd.it/1UTW
2023-07-27,Happy Feet Two,2011,https://boxd.it/2Om
2023-07-27,Dune,1984,https://boxd.it/29tY
2023-07-27,The Lion King II: Simba's Pride,1998,https://boxd.it/1XWu
2023-07-27,Arthur and the Invisibles,2006,https://boxd.it/1Xm2
2023-07-27,All Dogs Go to Heaven,1989,https://boxd.it/1TIo
2023-07-27,Jobs,2013,https://boxd.it/3RcY
2023-07-27,Astro Boy,2009,https://boxd.it/1JVW
2023-07-27,The Jungle Book 2,2003,https://boxd.it/1NcQ
2023-07-28,A Serbian Film,2010,https://boxd.it/2wBc
2023-07-28,Sound of Freedom,2023,https://boxd.it/piEi
2023-07-28,Lady Bird,2017,https://boxd.it/dGNE
2023-07-28,The Machinist,2004,https://boxd.it/248c
2023-07-29,Samurai Champloo,2004,https://boxd.it/o8go
2023-07-29,Attack on Titan: Chronicle,2020,https://boxd.it/qJw8
2023-07-29,Apocalypse Now,1979,https://boxd.it/6ZS
2023-07-30,The Chorus,2004,https://boxd.it/22X8
2023-07-30,Se7en,1995,https://boxd.it/29zs
2023-08-01,Catch Me If You Can,2002,https://boxd.it/29VS
2023-08-01,Seven Samurai,1954,https://boxd.it/2axi
2023-08-01,Diary of a Wimpy Kid: Rodrick Rules,2011,https://boxd.it/gm2
2023-08-01,Saw IV,2007,https://boxd.it/29Sa
2023-08-01,Godzilla: King of the Monsters,2019,https://boxd.it/cY7Y
2023-08-01,Bill & Ted's Excellent Adventure,1989,https://boxd.it/28oI
2023-08-01,Hachi: A Dog's Tale,2009,https://boxd.it/1q4a
2023-08-01,Saw V,2008,https://boxd.it/1SMa
2023-08-01,Saw VI,2009,https://boxd.it/1A2y
2023-08-01,Alice Through the Looking Glass,2016,https://boxd.it/75Yo
2023-08-01,Escape Room: Tournament of Champions,2021,https://boxd.it/lwCM
2023-08-01,Garfield,2004,https://boxd.it/1ZAA
2023-08-01,Scary Movie 2,2001,https://boxd.it/24Cw
2023-08-01,Nacho Libre,2006,https://boxd.it/1YTG
2023-08-01,The Phantom of the Opera,2004,https://boxd.it/1XHu
2023-08-01,Annabelle Comes Home,2019,https://boxd.it/iU5m
2023-08-01,Final Destination 2,2003,https://boxd.it/1YSS
2023-08-01,Diary of a Wimpy Kid: Dog Days,2012,https://boxd.it/2TG0
2023-08-01,Alvin and the Chipmunks: The Squeakquel,2009,https://boxd.it/1zgk
2023-08-01,Saw 3D,2010,https://boxd.it/Znk
2023-08-01,Valentine's Day,2010,https://boxd.it/1gui
2023-08-01,Meet the Fockers,2004,https://boxd.it/29NE
2023-08-01,Pee-wee's Big Adventure,1985,https://boxd.it/22Lw
2023-08-01,Malcolm & Marie,2021,https://boxd.it/r5cO
2023-08-01,Step Up,2006,https://boxd.it/1XS8
2023-08-01,Bedtime Stories,2008,https://boxd.it/1WPM
2023-08-01,Hoodwinked!,2005,https://boxd.it/1UVS
2023-08-01,Deep Blue Sea,1999,https://boxd.it/1ZBo
2023-08-01,Star Wars: The Clone Wars,2008,https://boxd.it/1Sly
2023-08-01,Scary Movie 3,2003,https://boxd.it/24Be
2023-08-01,You Don't Mess with the Zohan,2008,https://boxd.it/1VHs
2023-08-01,TMNT,2007,https://boxd.it/28Xo
2023-08-01,Apocalypto,2006,https://boxd.it/28yy
2023-08-01,Killer Klowns from Outer Space,1988,https://boxd.it/1Kpi
2023-08-01,In the Tall Grass,2019,https://boxd.it/iZpm
2023-08-01,San Andreas,2015,https://boxd.it/7sUa
2023-08-01,The Purge: Election Year,2016,https://boxd.it/ae5I
2023-08-01,Billy Madison,1995,https://boxd.it/1UQI
2023-08-01,Peter Pan,2003,https://boxd.it/1VQY
2023-08-01,Rocky V,1990,https://boxd.it/28SS
2023-08-01,Risky Business,1983,https://boxd.it/1YUE
2023-08-01,Paul Blart: Mall Cop,2009,https://boxd.it/1NQw
2023-08-01,Jack and Jill,2011,https://boxd.it/2pQu
2023-08-01,21,2008,https://boxd.it/20BO
2023-08-01,American Pie 2,2001,https://boxd.it/26kO
2023-08-01,Carl's Date,2023,https://boxd.it/EInC
2023-08-01,Coming to America,1988,https://boxd.it/1Ygu
2023-08-01,Get Smart,2008,https://boxd.it/1Tig
2023-08-01,Blades of Glory,2007,https://boxd.it/1Xrm
2023-08-01,The Internship,2013,https://boxd.it/3SWS
2023-08-01,Journey to the Center of the Earth,2008,https://boxd.it/38EI
2023-08-01,Memoirs of a Geisha,2005,https://boxd.it/27TA
2023-08-01,The Cable Guy,1996,https://boxd.it/1XAI
2023-08-01,Frida,2002,https://boxd.it/28Vi
2023-08-01,Final Destination 5,2011,https://boxd.it/r1k
2023-08-01,Bao,2018,https://boxd.it/iEl4
2023-08-01,Alvin and the Chipmunks: Chipwrecked,2011,https://boxd.it/s9E
2023-08-01,101 Dalmatians,1996,https://boxd.it/1TgO
2023-08-01,Spy Kids 2: The Island of Lost Dreams,2002,https://boxd.it/1Yyo
2023-08-01,The Mummy,2017,https://boxd.it/8HnW
2023-08-01,Babe,1995,https://boxd.it/1Yh8
2023-08-01,The Pacifier,2005,https://boxd.it/1Xhm
2023-08-01,Dirty Grandpa,2016,https://boxd.it/99pG
2023-08-01,Hotel Rwanda,2004,https://boxd.it/2aSA
2023-08-01,Sister Act,1992,https://boxd.it/27EA
2023-08-01,Death Note,2017,https://boxd.it/bOS4
2023-08-01,The Santa Clause,1994,https://boxd.it/1TWK
2023-08-01,Jackass: The Movie,2002,https://boxd.it/1Zo0
2023-08-01,Across the Universe,2007,https://boxd.it/23X4
2023-08-01,"Honey, I Shrunk the Kids",1989,https://boxd.it/1YTw
2023-08-01,Gremlins 2: The New Batch,1990,https://boxd.it/29g6
2023-08-01,Salt,2010,https://boxd.it/1rtK
2023-08-01,The Woman in Black,2012,https://boxd.it/4wu
2023-08-01,JUJUTSU KAISEN,2020,https://boxd.it/sOve
2023-08-01,A Hard Day's Night,1964,https://boxd.it/29LS
2023-08-01,The Longest Yard,2005,https://boxd.it/1Z3c
2023-08-01,The Muppet Christmas Carol,1992,https://boxd.it/1WgC
2023-08-01,Dinosaur,2000,https://boxd.it/1VWi
2023-08-01,Superman Returns,2006,https://boxd.it/28J2
2023-08-01,Paranormal Activity 2,2010,https://boxd.it/ZnO
2023-08-01,Blow,2001,https://boxd.it/24Mm
2023-08-01,The Curse of La Llorona,2019,https://boxd.it/hg0E
2023-08-01,The Mask of Zorro,1998,https://boxd.it/1YVi
2023-08-01,The Grudge,2004,https://boxd.it/27Jq
2023-08-01,365 Days,2020,https://boxd.it/oJ9O
2023-08-01,Ace Ventura: When Nature Calls,1995,https://boxd.it/1Z66
2023-08-01,Evan Almighty,2007,https://boxd.it/26s4
2023-08-01,Sharknado,2013,https://boxd.it/69Qc
2023-08-01,Teenage Mutant Ninja Turtles III,1993,https://boxd.it/28FO
2023-08-01,Caddyshack,1980,https://boxd.it/1SCO
2023-08-01,The Pink Panther,2006,https://boxd.it/1Sys
2023-08-01,The Karate Kid Part II,1986,https://boxd.it/1ZJM
2023-08-01,"Me, Myself & Irene",2000,https://boxd.it/27nY
2023-08-01,Shaolin Soccer,2001,https://boxd.it/1T86
2023-08-01,The Legend of Tarzan,2016,https://boxd.it/7DUU
2023-08-01,Team America: World Police,2004,https://boxd.it/24QS
2023-08-01,Scary Movie 4,2006,https://boxd.it/24B4
2023-08-01,Ouija: Origin of Evil,2016,https://boxd.it/b5EG
2023-08-01,Why Him?,2016,https://boxd.it/c3Wq
2023-08-01,Lara Croft: Tomb Raider,2001,https://boxd.it/27G2
2023-08-01,The Spiderwick Chronicles,2008,https://boxd.it/20v2
2023-08-01,Prince of Persia: The Sands of Time,2010,https://boxd.it/1YpQ
2023-08-01,Journey 2: The Mysterious Island,2012,https://boxd.it/2o8m
2023-08-01,Hot Tub Time Machine,2010,https://boxd.it/1zIS
2023-08-01,Jaws 2,1978,https://boxd.it/2a54
2023-08-01,Muppets Most Wanted,2014,https://boxd.it/4Cti
2023-08-01,A Christmas Story,1983,https://boxd.it/29sw
2023-08-01,The Golden Compass,2007,https://boxd.it/272Q
2023-08-01,Wizards of Waverly Place: The Movie,2009,https://boxd.it/1thQ
2023-08-01,Paranormal Activity 3,2011,https://boxd.it/2o4O
2023-08-01,Clash of the Titans,2010,https://boxd.it/1GfI
2023-08-01,The Patriot,2000,https://boxd.it/27Bw
2023-08-01,The Gold Rush,1925,https://boxd.it/29ce
2023-08-01,Ender's Game,2013,https://boxd.it/2N9Y
2023-08-01,42,2013,https://boxd.it/3GBo
2023-08-01,The Smurfs 2,2013,https://boxd.it/2HvO
2023-08-01,Fire Island,2022,https://boxd.it/vV8C
2023-08-01,47 Meters Down,2017,https://boxd.it/eaq6
2023-08-01,Bloodsport,1988,https://boxd.it/1Tee
2023-08-01,The Wonderful World of Mickey Mouse: Steamboat Silly,2023,https://boxd.it/H6GW
2023-08-01,Dumb and Dumber To,2014,https://boxd.it/3qPk
2023-08-01,Phineas and Ferb The Movie: Across the 2nd Dimension,2011,https://boxd.it/2ql8
2023-08-01,Bill & Ted's Bogus Journey,1991,https://boxd.it/28oy
2023-08-01,WarGames,1983,https://boxd.it/29qU
2023-08-01,The Little Mermaid II: Return to the Sea,2000,https://boxd.it/1V88
2023-08-01,Snowden,2016,https://boxd.it/9CWO
2023-08-01,Animal House,1978,https://boxd.it/2062
2023-08-01,Demon Slayer: Kimetsu no Yaiba,2019,https://boxd.it/pKsE
2023-08-01,Dead Silence,2007,https://boxd.it/1OWK
2023-08-01,Superman II,1980,https://boxd.it/204q
2023-08-01,Kronk's New Groove,2005,https://boxd.it/1Qd8
2023-08-01,Bionicle 2: Legends of Metru Nui,2004,https://boxd.it/1C0a
2023-08-01,Scooby-Doo and the Cyber Chase,2001,https://boxd.it/1LTy
2023-08-01,Batman,1989,https://boxd.it/2aIU
2023-08-01,Batman,1966,https://boxd.it/26uO
2023-08-01,Gulliver's Travels,2010,https://boxd.it/15iK
2023-08-01,Jackass 3D,2010,https://boxd.it/1KpM
2023-08-01,Little Fockers,2010,https://boxd.it/13Ea
2023-08-01,Yogi Bear,2010,https://boxd.it/Zcc
2023-08-01,FRED: The Movie,2010,https://boxd.it/OAi
2023-08-01,Step Up 3D,2010,https://boxd.it/ZS8
2023-08-01,Tooth Fairy,2010,https://boxd.it/1zKE
2023-08-01,Vampires Suck,2010,https://boxd.it/125y
2023-08-01,Birdemic: Shock and Terror,2010,https://boxd.it/12Gk
2023-08-01,My Name Is Khan,2010,https://boxd.it/1uD4
2023-08-01,Open Season 3,2010,https://boxd.it/BZk
2023-08-01,Cats & Dogs: The Revenge of Kitty Galore,2010,https://boxd.it/13l8
2023-08-01,Family Guy Presents: It's a Trap!,2010,https://boxd.it/8v4S
2023-08-01,Scared Shrekless,2010,https://boxd.it/InW
2023-08-01,Catfish,2010,https://boxd.it/Xfy
2023-08-01,Scott Pilgrim vs. the Animation,2010,https://boxd.it/Hwe
2023-08-01,"Bo Burnham: Words, Words, Words",2010,https://boxd.it/JA8
2023-08-01,Jackass Number Two,2006,https://boxd.it/1SyM
2023-08-01,Flubber,1997,https://boxd.it/1YkQ
2023-08-01,Jingle All the Way,1996,https://boxd.it/1Z58
2023-08-01,Beverly Hills Chihuahua,2008,https://boxd.it/1Ob0
2023-08-01,The Mummy: Tomb of the Dragon Emperor,2008,https://boxd.it/28ci
2023-08-01,The Bourne Legacy,2012,https://boxd.it/H16
2023-08-01,Rambo: First Blood Part II,1985,https://boxd.it/28TQ
2023-08-01,Garfield: A Tail of Two Kitties,2006,https://boxd.it/1YuG
2023-08-01,Ali,2001,https://boxd.it/205e
2023-08-01,Little Nicky,2000,https://boxd.it/1Y4I
2023-08-01,Nick and Norah's Infinite Playlist,2008,https://boxd.it/1Slo
2023-08-01,Robin Hood: Men in Tights,1993,https://boxd.it/20H8
2023-08-01,Zookeeper,2011,https://boxd.it/16gq
2023-08-01,Waterworld,1995,https://boxd.it/1XLG
2023-08-01,The Little Rascals,1994,https://boxd.it/1V8i
2023-08-01,The Skeleton Dance,1929,https://boxd.it/374E
2023-08-01,Tommy Boy,1995,https://boxd.it/1TZ0
2023-08-01,Home Alone 3,1997,https://boxd.it/1XZ4
2023-08-01,Get Hard,2015,https://boxd.it/7Axe
2023-08-01,The SpongeBob Movie: Sponge on the Run,2020,https://boxd.it/e1Ac
2023-08-01,Paranormal Activity 4,2012,https://boxd.it/2UGq
2023-08-01,Sinister 2,2015,https://boxd.it/8L58
2023-08-01,Hotel Transylvania: Transformania,2022,https://boxd.it/lwCC
2023-08-01,Annie,1982,https://boxd.it/1LCi
2023-08-01,The Karate Kid Part III,1989,https://boxd.it/1W7q
2023-08-01,Chaplin,1992,https://boxd.it/1WgW
2023-08-01,Mortal Kombat,1995,https://boxd.it/1YZY
2023-08-01,Apostle,2018,https://boxd.it/f0so
2023-08-01,Transcendence,2014,https://boxd.it/4VSQ
2023-08-01,A Charlie Brown Christmas,1965,https://boxd.it/1QDq
2023-08-01,Sinbad: Legend of the Seven Seas,2003,https://boxd.it/1Oa2
2023-08-01,Trading Places,1983,https://boxd.it/28sK
2023-08-01,The Benchwarmers,2006,https://boxd.it/1Xr2
2023-08-01,The Number 23,2007,https://boxd.it/258C
2023-08-01,Year One,2009,https://boxd.it/1Ink
2023-08-01,Lilo & Stitch 2: Stitch Has a Glitch,2005,https://boxd.it/1CXw
2023-08-01,Ouija,2014,https://boxd.it/77SM
2023-08-01,Cinderella,1950,https://boxd.it/1Uki
2023-08-01,The Many Adventures of Winnie the Pooh,1977,https://boxd.it/7l0Y
2023-08-01,Air Bud,1997,https://boxd.it/1CYY
2023-08-01,Geri's Game,1997,https://boxd.it/1P6U
2023-08-01,Inspector Gadget,1999,https://boxd.it/2azy
2023-08-01,Mickey's Once Upon a Christmas,1999,https://boxd.it/1Mj2
2023-08-01,Annie,1999,https://boxd.it/1upm
2023-08-01,An Extremely Goofy Movie,2000,https://boxd.it/1LOo
2023-08-01,Buzz Lightyear of Star Command: The Adventure Begins,2000,https://boxd.it/1KDu
2023-08-01,Snow Dogs,2002,https://boxd.it/1SQQ
2023-08-01,The Santa Clause 2,2002,https://boxd.it/1ZmI
2023-08-01,Inspector Gadget 2,2003,https://boxd.it/1Eyy
2023-08-01,George of the Jungle 2,2003,https://boxd.it/1ueo
2023-08-01,Kim Possible: A Sitch In Time,2003,https://boxd.it/AxY
2023-08-01,Young Black Stallion,2003,https://boxd.it/WXk
2023-08-01,Miracle,2004,https://boxd.it/1OmM
2023-08-01,Kim Possible Movie: So the Drama,2005,https://boxd.it/1CVU
2023-08-01,Tarzan II,2005,https://boxd.it/1LNU
2023-08-01,The Wild,2006,https://boxd.it/1Xz6
2023-08-01,Leroy & Stitch,2006,https://boxd.it/1C76
2023-08-01,The Santa Clause 3: The Escape Clause,2006,https://boxd.it/1Psw
2023-08-01,Earth,2007,https://boxd.it/1V0I
2023-08-01,Underdog,2007,https://boxd.it/21vi
2023-08-01,Camp Rock,2008,https://boxd.it/1PHw
2023-08-01,Race to Witch Mountain,2009,https://boxd.it/1PiQ
2023-08-01,Old Dogs,2009,https://boxd.it/1zPE
2023-08-01,Mars Needs Moms,2011,https://boxd.it/DVu
2023-08-01,Chimpanzee,2012,https://boxd.it/2oFK
2023-08-01,Oz the Great and Powerful,2013,https://boxd.it/2cAI
2023-08-01,Monkey Kingdom,2015,https://boxd.it/9m0Y
2023-08-01,"McFarland, USA",2015,https://boxd.it/6JCq
2023-08-01,Piper,2016,https://boxd.it/dZaG
2023-08-01,The Mighty Ducks,1992,https://boxd.it/1Wka
2023-08-01,Hocus Pocus,1993,https://boxd.it/1Wgi
2023-08-01,The Return of Jafar,1994,https://boxd.it/1L6G
2023-08-01,"Honey, We Shrunk Ourselves",1997,https://boxd.it/1TS4
2023-08-01,Jack Frost,1979,https://boxd.it/1tGm
2023-08-01,The Life and Adventures of Santa Claus,1985,https://boxd.it/Hou
2023-08-01,Frosty the Snowman,1969,https://boxd.it/1PEC
2023-08-01,The Nutty Professor,1996,https://boxd.it/1YXI
2023-08-01,Kingpin,1996,https://boxd.it/1TB8
2023-08-01,Scary Movie 5,2013,https://boxd.it/24AU
2023-08-01,Scary Movie,2000,https://boxd.it/24CG
2023-08-01,The Descent,2005,https://boxd.it/1YNy
2023-08-01,The Boy,2016,https://boxd.it/apZi
2023-08-01,Saturday Night Fever,1977,https://boxd.it/1URQ
2023-08-02,Llamageddon,2015,https://boxd.it/kUzK
2023-08-02,Dave Chappelle: The Closer,2021,https://boxd.it/xbe4
2023-08-02,The Fate of the Furious,2017,https://boxd.it/bbCw
2023-08-02,The Boss Baby,2017,https://boxd.it/9mfO
2023-08-02,The 33,2015,https://boxd.it/9fJM
2023-08-02,Ending the Knight,2012,https://boxd.it/qiFs
2023-08-02,Step Up Revolution,2012,https://boxd.it/31yo
2023-08-02,Les Misérables: 25th Anniversary in Concert,2010,https://boxd.it/4XZY
2023-08-02,Gabriel Iglesias: I'm Not Fat... I'm Fluffy,2009,https://boxd.it/1spE
2023-08-02,This Is It,2009,https://boxd.it/1PRw
2023-08-02,Jackass: The Lost Tapes,2009,https://boxd.it/7U2A
2023-08-02,The Pink Panther 2,2009,https://boxd.it/1MHy
2023-08-02,I Am Iron Man,2008,https://boxd.it/fYdI
2023-08-02,Open Season 2,2008,https://boxd.it/1PCm
2023-08-02,The Little Mermaid: Ariel's Beginning,2008,https://boxd.it/1PEs
2023-08-02,"10,000 BC",2008,https://boxd.it/20NK
2023-08-02,Step Up 2: The Streets,2008,https://boxd.it/20mk
2023-08-02,Aquamarine,2006,https://boxd.it/1OAE
2023-08-02,Planet Earth,2006,https://boxd.it/5Nx8
2023-08-02,A Movie of Eggs,2006,https://boxd.it/1JII
2023-08-02,The Legend of Zorro,2005,https://boxd.it/28nq
2023-08-02,Barbie as The Princess & the Pauper,2004,https://boxd.it/1MGU
2023-08-02,Ella Enchanted,2004,https://boxd.it/1O5G
2023-08-02,The Passion of the Christ,2004,https://boxd.it/29ZK
2023-08-02,The Hot Chick,2002,https://boxd.it/1SW0
2023-08-02,Devdas,2002,https://boxd.it/1Leq
2023-08-02,Kabhi Khushi Kabhie Gham,2001,https://boxd.it/1Vtg
2023-08-02,For the Birds,2000,https://boxd.it/1P6K
2023-08-02,Doctor Dolittle,1998,https://boxd.it/25RM
2023-08-02,George of the Jungle,1997,https://boxd.it/1VQO
2023-08-02,Cats,1998,https://boxd.it/1tyC
2023-08-02,Kuch Kuch Hota Hai,1998,https://boxd.it/1SVG
2023-08-02,Selena,1997,https://boxd.it/1KVS
2023-08-02,Jumanji,1995,https://boxd.it/1ZLI
2023-08-02,Tin Toy,1988,https://boxd.it/1P7e
2023-08-02,Steamboat Willie,1928,https://boxd.it/wgk
2023-08-02,Flatland,2007,https://boxd.it/bc6w
2023-08-02,Flatland²: Sphereland,2012,https://boxd.it/6L4q
2023-08-02,Portrait of a Lady on Fire,2019,https://boxd.it/jkPq
2023-08-04,History of the World: Part I,1981,https://boxd.it/1WWS
2023-08-04,The Waterboy,1998,https://boxd.it/1VHi
2023-08-04,Big Daddy,1999,https://boxd.it/1ZkW
2023-08-04,Talladega Nights: The Ballad of Ricky Bobby,2006,https://boxd.it/1XYq
2023-08-04,The Green Hornet,2011,https://boxd.it/10TQ
2023-08-06,Dear Evan Hansen,2021,https://boxd.it/kOP8
2023-08-07,Enter the Void,2009,https://boxd.it/1dy2
2023-08-08,Act of Valor,2012,https://boxd.it/2BCa
2023-08-09,The Man in the Iron Mask,1998,https://boxd.it/1YZO
2023-08-09,Last Shift,2014,https://boxd.it/9nda
2023-08-18,Perfect Blue,1997,https://boxd.it/1W7A
2023-08-19,Your Name.,2016,https://boxd.it/cUqs
2023-08-19,The Whale,2022,https://boxd.it/tw4c
2023-08-21,The Virgin Suicides,1999,https://boxd.it/28JG
2023-08-22,Planet Earth II,2016,https://boxd.it/eS8g
2023-08-25,TÁR,2022,https://boxd.it/uNIA
2023-08-25,Portrait of God,2022,https://boxd.it/CSom
2023-08-25,Curve,2016,https://boxd.it/dFF0
2023-08-25,Other Side of the Box,2018,https://boxd.it/lXsa
2023-08-28,Oldboy,2003,https://boxd.it/29R2
2023-08-29,Depp V Heard,2023,https://boxd.it/HRGu
2023-09-04,Kiki's Delivery Service,1989,https://boxd.it/1JAY
2023-09-04,Jigsaw,2017,https://boxd.it/9sDs
2023-09-05,RRR,2022,https://boxd.it/ljDs
2023-09-05,Blue Velvet,1986,https://boxd.it/29BI
2023-09-18,Elemental,2023,https://boxd.it/ASiE
2023-09-26,Stand and Deliver,1988,https://boxd.it/1o5g
2023-10-01,Meg 2: The Trench,2023,https://boxd.it/mLvo
2023-10-02,Saw X,2023,https://boxd.it/zUWk
2023-10-02,Psycho,1960,https://boxd.it/2ab2
2023-10-14,Paranormal Activity: The Marked Ones,2014,https://boxd.it/6Ie8
2023-10-14,The Purge: Anarchy,2014,https://boxd.it/71zk
2023-10-14,Insidious: Chapter 3,2015,https://boxd.it/8BkM
2023-10-14,The Boogeyman,2023,https://boxd.it/jnna
2023-10-15,[REC],2007,https://boxd.it/20ma
2023-10-16,His House,2020,https://boxd.it/l8Qq
2023-10-16,Nope,2022,https://boxd.it/sDCe
2023-10-18,The Texas Chain Saw Massacre,1974,https://boxd.it/1lcS
2023-10-19,A Nightmare on Elm Street,1984,https://boxd.it/2aw0
2023-10-19,Grave Encounters,2011,https://boxd.it/D1G
2023-10-19,[REC]²,2009,https://boxd.it/1VH8
2023-10-23,V/H/S,2012,https://boxd.it/2Y1c
2023-10-24,Taylor Swift: The Eras Tour,2023,https://boxd.it/HTIi
2023-10-30,Five Nights at Freddy's,2023,https://boxd.it/ikHu
2023-10-30,Frankenweenie,2012,https://boxd.it/bPS
2023-11-02,"Paris, Texas",1984,https://boxd.it/29Ts
2023-11-16,A Muppet Family Christmas,1987,https://boxd.it/1Qy6
2023-11-16,How the Grinch Stole Christmas!,1966,https://boxd.it/1Qj6
2023-11-16,The Grinch,2018,https://boxd.it/chpK
2023-11-18,Singin' in the Rain,1952,https://boxd.it/29oY
2023-11-20,The Shape of Water,2017,https://boxd.it/dZ5m
2023-12-04,Renaissance: A Film by Beyoncé,2023,https://boxd.it/IYzi
2023-12-04,Good Boys,2019,https://boxd.it/iW1G
2023-12-04,No Hard Feelings,2023,https://boxd.it/xouu
2023-12-06,¡Asu Mare!,2013,https://boxd.it/5G5c
2023-12-07,The Love Guru,2008,https://boxd.it/1Sm2
2023-12-14,Godzilla Minus One,2023,https://boxd.it/zu4c
2023-12-17,Leo,2023,https://boxd.it/EGzm
2023-12-17,The Tale of The Princess Kaguya,2013,https://boxd.it/4JQI
2023-12-21,The Boy and the Heron,2023,https://boxd.it/ipeM
2023-12-27,Saltburn,2023,https://boxd.it/z4eg
2023-12-30,Sausage Party,2016,https://boxd.it/6CCe
2024-01-07,22 Jump Street,2014,https://boxd.it/5Fvy
2024-01-08,Poor Things,2023,https://boxd.it/tNWU
2024-01-11,Society of the Snow,2023,https://boxd.it/y9aw
2024-01-13,Brave,2012,https://boxd.it/bVG
2024-01-15,Silver Linings Playbook,2012,https://boxd.it/2TTo
2024-01-19,We Need to Talk About Kevin,2011,https://boxd.it/2pTS
2024-01-19,Call Me by Your Name,2017,https://boxd.it/dYmm
2024-01-21,Killers of the Flower Moon,2023,https://boxd.it/gHp0
2024-01-22,Asteroid City,2023,https://boxd.it/s3ds
2024-01-22,9,2009,https://boxd.it/1Scm
2024-01-25,Spider-Man: Across the Spider-Verse,2023,https://boxd.it/kSz4
2024-01-26,8½,1963,https://boxd.it/2aqm
2024-01-27,The Zone of Interest,2023,https://boxd.it/gJsA
2024-02-04,Paprika,2006,https://boxd.it/23wW
2024-02-04,The Killing of a Sacred Deer,2017,https://boxd.it/dZ5G
2024-02-06,Eternal Sunshine of the Spotless Mind,2004,https://boxd.it/6YK
2024-02-08,Zombieland: Double Tap,2019,https://boxd.it/bgb6
2024-02-09,The Nice Guys,2016,https://boxd.it/94Hg
2024-02-10,Citizen Kane,1941,https://boxd.it/71O
2024-02-11,Amélie,2001,https://boxd.it/2aUc
2024-02-11,Before Sunrise,1995,https://boxd.it/2bcU
2024-02-14,Hamlet,1996,https://boxd.it/1VZc
2024-02-15,Romeo and Juliet,1968,https://boxd.it/22cQ
2024-02-15,The Outsiders,1983,https://boxd.it/2aPw
2024-02-17,Some Like It Hot,1959,https://boxd.it/2aNA
2024-02-17,Mommie Dearest,1981,https://boxd.it/1LNq
2024-02-17,High and Low,1963,https://boxd.it/1RSc
2024-02-18,Stop Making Sense,1984,https://boxd.it/1ygo
2024-02-19,Leave the World Behind,2023,https://boxd.it/re0i
2024-02-19,Anatomy of a Fall,2023,https://boxd.it/yuDE
2024-02-20,Past Lives,2023,https://boxd.it/oNB8
2024-02-23,Moonrise Kingdom,2012,https://boxd.it/2Wng
2024-02-23,House,1977,https://boxd.it/1vsm
2024-02-27,Naked,1993,https://boxd.it/1BT4
2024-02-28,Frances Ha,2012,https://boxd.it/41Xg
2024-02-28,mid90s,2018,https://boxd.it/fxIa
2024-03-05,127 Hours,2010,https://boxd.it/SLa
2024-03-06,North Hollywood,2020,https://boxd.it/ppFs
2024-03-06,Teen Wolf,1985,https://boxd.it/1T0c
2024-03-06,The Lobster,2015,https://boxd.it/7tnw
2024-03-07,In the Mood for Love,2000,https://boxd.it/29tE
2024-03-09,Analyze This,1999,https://boxd.it/1Yr8
2024-03-14,A Charlie Brown Thanksgiving,1973,https://boxd.it/1Q5I
2024-03-14,A Charlie Brown Valentine,2002,https://boxd.it/1qk8
2024-03-16,Battlefield Earth,2000,https://boxd.it/231O
2024-03-16,Catwoman,2004,https://boxd.it/2aBY
2024-03-16,Epic Movie,2007,https://boxd.it/1XSs
2024-03-16,Disaster Movie,2008,https://boxd.it/1Pnc
2024-03-16,Son of the Mask,2005,https://boxd.it/1WNQ
2024-03-16,Superbabies: Baby Geniuses 2,2004,https://boxd.it/1jOA
2024-03-16,The Boy Next Door,2015,https://boxd.it/75Wi
2024-03-16,The Garbage Pail Kids Movie,1987,https://boxd.it/1O5w
2024-03-17,Kung Fu Panda 4,2024,https://boxd.it/CepE
2024-03-18,Dune: Part Two,2024,https://boxd.it/pUfA
2024-03-18,Blade Runner,1982,https://boxd.it/2bcA
2024-03-18,Piaffe,2022,https://boxd.it/BFRS
2024-03-19,Bring It On,2000,https://boxd.it/28x6
2024-03-21,Pearl Harbor,2001,https://boxd.it/29Q4
2024-03-21,Spanglish,2004,https://boxd.it/26Cy
2024-03-21,Muppet Treasure Island,1996,https://boxd.it/1VaS
2024-03-21,Blue Planet II,2017,https://boxd.it/gACc
2024-03-22,The Florida Project,2017,https://boxd.it/dMG0
2024-03-22,Little Women,2019,https://boxd.it/aSVk
2024-03-24,The Little Mermaid,2023,https://boxd.it/fVum
2024-03-24,Before Sunset,2004,https://boxd.it/2bcg
2024-03-30,Madame Web,2024,https://boxd.it/nwD0
2024-04-10,The Favourite,2018,https://boxd.it/d2hI
2024-04-10,Emma.,2020,https://boxd.it/kmg0
2024-04-15,May December,2023,https://boxd.it/vEE2
2024-04-15,The Holdovers,2023,https://boxd.it/vHza
2024-04-15,L'immensità,2022,https://boxd.it/sXPC
2024-04-15,The Nun II,2023,https://boxd.it/AyRY
2024-04-24,Cloverfield,2008,https://boxd.it/2192
2024-04-29,Challengers,2024,https://boxd.it/zld0
2024-05-03,The Idea of You,2024,https://boxd.it/vOW6
2024-05-07,Bones and All,2022,https://boxd.it/tLd4
2024-05-12,Kingdom of the Planet of the Apes,2024,https://boxd.it/ohEE
2024-05-15,Marie Antoinette,2006,https://boxd.it/27Wa
2024-05-20,Bend It Like Beckham,2002,https://boxd.it/2am0
2024-05-21,Barbie: Fairytopia,2005,https://boxd.it/1Quo
2024-06-18,Fargo,1996,https://boxd.it/2aHM
2024-06-18,Inside Out 2,2024,https://boxd.it/CFrC
2024-06-20,The Breakfast Club,1985,https://boxd.it/27q4
2024-06-20,Lost in Translation,2003,https://boxd.it/2b0E
2024-06-23,Inland Empire,2006,https://boxd.it/28d6
2024-06-26,Nosferatu,1922,https://boxd.it/29TM
2024-06-29,The Green Knight,2021,https://boxd.it/kuy2
2024-07-01,Paris Is Burning,1990,https://boxd.it/1jzg
2024-07-03,Boyhood,2014,https://boxd.it/3178
2024-07-07,Fantastic Planet,1973,https://boxd.it/1KnQ
2024-07-07,Barbie as Rapunzel,2002,https://boxd.it/1MZW
2024-07-13,Zodiac,2007,https://boxd.it/27MO
2024-07-13,Manchester by the Sea,2016,https://boxd.it/b2L0
2024-07-13,Brokeback Mountain,2005,https://boxd.it/2b2q
2024-07-14,The Stanford Prison Experiment,2015,https://boxd.it/9QQK
2024-07-14,Palo Alto,2013,https://boxd.it/5Nzy
2024-07-15,Longlegs,2024,https://boxd.it/KzLM
2024-07-16,Beautiful Boy,2018,https://boxd.it/g76Q
2024-07-19,Clueless,1995,https://boxd.it/1Ygk
2024-07-20,How to Lose a Guy in 10 Days,2003,https://boxd.it/1XwG
2024-07-23,Dark Phoenix,2019,https://boxd.it/anyO
2024-07-27,Deadpool & Wolverine,2024,https://boxd.it/jq8s
2024-07-31,Predator,1987,https://boxd.it/2b84
2024-07-31,Predator 2,1990,https://boxd.it/2aY4
2024-08-01,AVP: Alien vs. Predator,2004,https://boxd.it/2atU
2024-08-01,Aliens vs Predator: Requiem,2007,https://boxd.it/2ans
2024-08-02,Predators,2010,https://boxd.it/1d9m
2024-08-02,The Predator,2018,https://boxd.it/bDw2
2024-08-02,Alien: Covenant,2017,https://boxd.it/49UY
2024-08-03,Aliens,1986,https://boxd.it/29PA
2024-08-03,Men in Black 3,2012,https://boxd.it/103U
2024-08-03,Pacific Rim,2013,https://boxd.it/2cB2
2024-08-03,Alien³,1992,https://boxd.it/20zS
2024-08-03,Alien Resurrection,1997,https://boxd.it/20zI
2024-08-09,Zoolander 2,2016,https://boxd.it/aNBE
2024-08-10,Trap,2024,https://boxd.it/D4nK
2024-08-10,The Human Centipede (First Sequence),2009,https://boxd.it/18Tu
2024-08-12,Anyone But You,2023,https://boxd.it/EzA8
2024-08-12,Charlie's Angels,2000,https://boxd.it/24v6
2024-08-12,Cinderella,2015,https://boxd.it/4KX6
2024-08-12,Mulholland Drive,2001,https://boxd.it/297o
2024-08-12,The House Bunny,2008,https://boxd.it/1RyG
2024-08-12,The Princess Bride,1987,https://boxd.it/26EY
2024-08-12,The Sandlot,1993,https://boxd.it/1TDy
2024-08-12,You Again,2010,https://boxd.it/16iw
2024-08-12,Space Jam,1996,https://boxd.it/26YO
2024-08-12,Mr. Bean's Holiday,2007,https://boxd.it/28Yc
2024-08-13,Instructions Not Included,2013,https://boxd.it/6k3q
2024-08-13,How to Be a Latin Lover,2017,https://boxd.it/f2LC
2024-08-17,Alien: Romulus,2024,https://boxd.it/zGqO
2024-08-17,At Eternity's Gate,2018,https://boxd.it/hI40
2024-08-18,The Brothers Bloom,2008,https://boxd.it/1Bqm
2024-08-19,Bullet Train,2022,https://boxd.it/qW26
2024-08-23,Dr. Strangelove or: How I Learned to Stop Worrying and Love the Bomb,1964,https://boxd.it/29eY
2024-08-23,Santa Claus Is Comin' to Town,1970,https://boxd.it/1QfI
2024-08-26,Kill Bill: The Whole Bloody Affair,2006,https://boxd.it/eCrQ
2024-08-26,The Kid,1921,https://boxd.it/1X5U
2024-08-26,Eraserhead,1977,https://boxd.it/299u
2024-08-26,Sleepy Hollow,1999,https://boxd.it/26u0
2024-08-27,Beetlejuice,1988,https://boxd.it/24QI
2024-08-30,A Fistful of Dollars,1964,https://boxd.it/2auo
2024-08-31,For a Few Dollars More,1965,https://boxd.it/29eu
2024-09-01,"The Good, the Bad and the Ugly",1966,https://boxd.it/2ape
2024-09-02,From Hell,2001,https://boxd.it/29FK
2024-09-02,Mama,2013,https://boxd.it/4i9s
2024-09-02,Pan's Labyrinth,2006,https://boxd.it/28No
2024-09-03,Ed Wood,1994,https://boxd.it/2adM
2024-09-03,Dracula,1931,https://boxd.it/2b34
2024-09-03,The Crow,1994,https://boxd.it/1Yxq
2024-09-03,Vincent,1982,https://boxd.it/1hLa
2024-09-03,True Lies,1994,https://boxd.it/19pq
2024-09-05,Onibaba,1964,https://boxd.it/252a
2024-09-06,Ghost in the Shell,1995,https://boxd.it/1YYc
2024-09-06,Adventure Time,2007,https://boxd.it/bZZ6
2024-09-06,Smiling Friends,2020,https://boxd.it/pKrc
2024-09-06,"Tyler, The Creator - Live: Call Me If You Get Lost",2022,https://boxd.it/A5GM
2024-09-06,The Blue Planet,2001,https://boxd.it/62qQ
2024-09-07,Lawrence of Arabia,1962,https://boxd.it/2wRE
2024-09-07,Smile,2022,https://boxd.it/xjfE
2024-09-07,The Green Inferno,2013,https://boxd.it/5hE2
2024-09-07,Modern Times,1936,https://boxd.it/25MC
2024-09-07,The Rink,1916,https://boxd.it/27uK
2024-09-07,Sallie Gardner at a Gallop,1878,https://boxd.it/5QQi
2024-09-07,Paths of Glory,1957,https://boxd.it/29b6
2024-09-07,Black Hawk Down,2001,https://boxd.it/29rI
2024-09-07,Cats & Dogs,2001,https://boxd.it/1UUq
2024-09-07,The Ten Commandments,1956,https://boxd.it/21mg
2024-09-08,Beetlejuice Beetlejuice,2024,https://boxd.it/yyGs
2024-09-08,SpongeBob's Atlantis SquarePantis,2007,https://boxd.it/baDI
2024-09-09,Rosemary's Baby,1968,https://boxd.it/29zM
2024-09-09,The Passion of Joan of Arc,1928,https://boxd.it/29DO
2024-09-09,Child's Play,1988,https://boxd.it/1VTo
2024-09-09,Frankenstein,1931,https://boxd.it/25Te
2024-09-10,Elvira: Mistress of the Dark,1988,https://boxd.it/22LG
2024-09-10,The Fly,1958,https://boxd.it/1T1E
2024-09-10,Scooby-Doo on Zombie Island,1998,https://boxd.it/1QIg
2024-09-10,Casper's Halloween Special,1979,https://boxd.it/dIxI
2024-09-10,Cinema Paradiso,1988,https://boxd.it/1UlA
2024-09-10,The Human Centipede 2 (Full Sequence),2011,https://boxd.it/2yqg
2024-09-11,Disturbia,2007,https://boxd.it/20rk
2024-09-12,Stalker,1979,https://boxd.it/28PO
2024-09-13,Millennium Actress,2001,https://boxd.it/1fK0
2024-09-13,Charade,1963,https://boxd.it/23O2
2024-09-13,Mr. & Mrs. Smith,2005,https://boxd.it/29CG
2024-09-13,Reservoir Dogs,1992,https://boxd.it/2agc
2024-09-14,The Seventh Seal,1957,https://boxd.it/2ahO
2024-09-14,Ikiru,1952,https://boxd.it/251c
2024-09-20,Going in Style,2017,https://boxd.it/bSKS
2024-09-20,Battle: Los Angeles,2011,https://boxd.it/QIS
2024-09-20,Kinds of Kindness,2024,https://boxd.it/CWPw
2024-09-21,3 Ninjas,1992,https://boxd.it/1KmI
2024-09-25,She's All That,1999,https://boxd.it/1Wz0
2024-09-28,Uglies,2024,https://boxd.it/sUKu
2024-09-29,Over the Garden Wall,2014,https://boxd.it/eqFw
2024-09-30,The Wild Robot,2024,https://boxd.it/IWFy
2024-10-03,The Substance,2024,https://boxd.it/zanS
2024-10-03,Beavis and Butt-Head Do America,1996,https://boxd.it/25zo
2024-10-04,Megalopolis,2024,https://boxd.it/lPBS
2024-10-04,Terminator Salvation,2009,https://boxd.it/2abQ
2024-10-05,Jack,1996,https://boxd.it/21au
2024-10-05,Captain EO,1986,https://boxd.it/VLXM
2024-10-05,Joker: Folie à Deux,2024,https://boxd.it/xBoE
2024-10-05,Easy Money,1983,https://boxd.it/1H4c
2024-10-07,Terrifier 2,2022,https://boxd.it/oI10
2024-10-09,Transformers One,2024,https://boxd.it/q7bc
2024-10-11,Piece By Piece,2024,https://boxd.it/KYFO
2024-10-12,Terrifier 3,2024,https://boxd.it/D8tM
2024-10-12,Skinamarink,2022,https://boxd.it/ByDO
2024-10-15,Talk to Me,2022,https://boxd.it/C6uQ
2024-10-16,Gummo,1997,https://boxd.it/1H0Y
2024-10-17,Un Chien Andalou,1929,https://boxd.it/29Y8
2024-10-18,Smile 2,2024,https://boxd.it/FDA4
2024-10-22,Halloween,1978,https://boxd.it/2wRu
2024-11-03,Here,2024,https://boxd.it/zscS
2024-11-05,Anora,2024,https://boxd.it/Egcw
2024-11-08,For What's Worse,2024,https://boxd.it/OypI
2024-11-08,A Better Man,2022,https://boxd.it/HOuA
2024-11-10,A Real Pain,2024,https://boxd.it/CjNG
2024-11-21,Wicked,2024,https://boxd.it/e8ME
2024-11-24,Hope,2013,https://boxd.it/7x5Q
2024-11-30,Grave of the Fireflies,1988,https://boxd.it/1RUM
2024-12-04,Juno,2007,https://boxd.it/210a
2024-12-07,Barry Lyndon,1975,https://boxd.it/25A2
2024-12-07,Flow,2024,https://boxd.it/v1Ei
2024-12-09,All About Lily Chou-Chou,2001,https://boxd.it/1JP0
2024-12-15,Barbie in the Nutcracker,2001,https://boxd.it/1MGA
2024-12-15,Superlopez,2018,https://boxd.it/gmdM
2024-12-15,Edge of Tomorrow,2014,https://boxd.it/4pD0
2024-12-15,Oblivion,2013,https://boxd.it/2Bzq
2024-12-16,28 Days Later,2002,https://boxd.it/2aXU
2024-12-16,National Lampoon's Christmas Vacation,1989,https://boxd.it/22wQ
2024-12-17,Red One,2024,https://boxd.it/vTBM
2024-12-20,Sonic the Hedgehog 2,2022,https://boxd.it/pb8O
2024-12-20,Sonic the Hedgehog 3,2024,https://boxd.it/zq0U
2024-12-21,Invictus,2009,https://boxd.it/1zPk
2024-12-21,Barbarian,2022,https://boxd.it/yohi
2024-12-21,The Curious Case of Benjamin Button,2008,https://boxd.it/23Fk
2024-12-21,The Worst Person in the World,2021,https://boxd.it/oyws
2024-12-21,Civil War,2024,https://boxd.it/z1jW
2024-12-23,If Anything Happens I Love You,2020,https://boxd.it/qIv4
2024-12-23,Carrie,1976,https://boxd.it/20ZQ
2024-12-24,Scream,1996,https://boxd.it/24EC
2024-12-24,The Evil Dead,1981,https://boxd.it/29Go
2024-12-24,Almost Famous,2000,https://boxd.it/29CQ
2024-12-27,The Life Aquatic with Steve Zissou,2004,https://boxd.it/2aqw
2024-12-27,Aftersun,2022,https://boxd.it/Arw0
2025-01-01,The Rocky Horror Picture Show,1975,https://boxd.it/1a3q
2025-01-02,Nosferatu,2024,https://boxd.it/f5eG
2025-01-04,Where the Wild Things Are,2009,https://boxd.it/1K0C
2025-01-04,After Hours,1985,https://boxd.it/1VfS
2025-01-04,Argo,2012,https://boxd.it/2czU
2025-01-05,Dallas Buyers Club,2013,https://boxd.it/4O8G
2025-01-05,A Complete Unknown,2024,https://boxd.it/oBYa
2025-01-09,The Change-Up,2011,https://boxd.it/FRu
2025-01-10,Mufasa: The Lion King,2024,https://boxd.it/sE9C
2025-01-12,Roman Holiday,1953,https://boxd.it/29zW
2025-01-12,Nirvana: Unplugged In New York,1993,https://boxd.it/1G0e
2025-01-12,The Strokes: MTV $2 Bill Concert,2002,https://boxd.it/sZ7M
2025-01-13,Sunset Boulevard,1950,https://boxd.it/2a20
2025-01-13,East of Eden,1955,https://boxd.it/2aQE
2025-01-15,Memento,2000,https://boxd.it/2bcK
2025-01-18,The Brutalist,2024,https://boxd.it/k4BO
2025-01-19,8 Mile,2002,https://boxd.it/2bew
2025-01-19,Final Destination,2000,https://boxd.it/1YrC
2025-01-19,Life of Brian,1979,https://boxd.it/2a4q
2025-01-22,Jesus of Nazareth,1977,https://boxd.it/hLhG
2025-01-23,Buffalo '66,1998,https://boxd.it/1YC6
2025-01-23,Wild Strawberries,1957,https://boxd.it/29ZU
2025-01-24,Paint Drying,2016,https://boxd.it/UYIe
2025-01-24,Dancer in the Dark,2000,https://boxd.it/71E
2025-01-24,Nickel Boys,2024,https://boxd.it/CStQ
2025-01-26,Cabaret,1972,https://boxd.it/1Vpe
2025-01-26,Polytechnique,2009,https://boxd.it/1AMG
2025-01-27,Conclave,2024,https://boxd.it/AO8q
2025-01-27,Elephant,2003,https://boxd.it/287i
2025-01-27,Videodrome,1983,https://boxd.it/29uC
2025-01-28,A Better Life,2011,https://boxd.it/ram
2025-01-30,One of Them Days,2025,https://boxd.it/MReU
2025-01-31,Suspiria,1977,https://boxd.it/1SNW
2025-02-01,Three Colours: Blue,1993,https://boxd.it/2b7K
2025-02-01,Three Colours: White,1994,https://boxd.it/2b7A
2025-02-02,Three Colours: Red,1994,https://boxd.it/2b7q
2025-02-02,Paddington,2014,https://boxd.it/3RKw
2025-02-02,Paddington 2,2017,https://boxd.it/bCF8
2025-02-05,Me Before You,2016,https://boxd.it/9n98
2025-02-06,It Happened One Night,1934,https://boxd.it/25Ng
2025-02-07,Baby's Day Out,1994,https://boxd.it/1Ume
2025-02-07,Becoming Led Zeppelin,2025,https://boxd.it/wobU
2025-02-08,I'm Still Here,2024,https://boxd.it/BPEO
2025-02-09,Paddington in Peru,2024,https://boxd.it/iJve
2025-02-09,Chungking Express,1994,https://boxd.it/1UDa
2025-02-13,His Girl Friday,1940,https://boxd.it/25M8
2025-02-14,Sense and Sensibility,1995,https://boxd.it/244E
2025-02-15,Noises Off...,1992,https://boxd.it/1tpA
2025-02-17,Punch-Drunk Love,2002,https://boxd.it/20E4
2025-02-17,Cannibal Holocaust,1980,https://boxd.it/1ZWQ
2025-02-20,He's Just Not That Into You,2009,https://boxd.it/1WSG
2025-02-21,The Perks of Being a Wallflower,2012,https://boxd.it/2ZA8
2025-02-25,Autumn Sonata,1978,https://boxd.it/1Rio
2025-03-07,Mickey 17,2025,https://boxd.it/q1Dk
2025-03-11,City of God,2002,https://boxd.it/2a2a
2025-03-11,Lilya 4-ever,2002,https://boxd.it/1SyW
2025-03-13,Look Back,2024,https://boxd.it/LjA6
2025-03-15,Midnight Cowboy,1969,https://boxd.it/25Hi
2025-03-17,The Love Witch,2016,https://boxd.it/cZie
2025-03-29,Magnolia,1999,https://boxd.it/2aze
2025-03-29,Prisoners,2013,https://boxd.it/4E5i
2025-03-29,Ran,1985,https://boxd.it/1Tlu
2025-04-04,A Minecraft Movie,2025,https://boxd.it/zRro
2025-04-07,Snow White,2025,https://boxd.it/fVuc
2025-04-11,Warfare,2025,https://boxd.it/LbRo
2025-04-18,"Love, Death & Robots: Jibaro",2022,https://boxd.it/EqO6
2025-04-18,"Love, Death & Robots: Zima Blue",2019,https://boxd.it/lJGM
2025-04-18,"Love, Death & Robots: Bad Travelling",2022,https://boxd.it/BykM
2025-04-18,"Love, Death & Robots: Three Robots: Exit Strategies",2022,https://boxd.it/AVpy
2025-04-22,The Big Lebowski,1998,https://boxd.it/2b6C
2025-04-22,Dreams,1990,https://boxd.it/1ROu
2025-04-22,Dumb and Dumberer: When Harry Met Lloyd,2003,https://boxd.it/1WXw
2025-04-23,The Tree of Life,2011,https://boxd.it/1Zu8
2025-04-24,Sinners,2025,https://boxd.it/KQMM
2025-04-24,Mission: Impossible,1996,https://boxd.it/29d2
2025-04-28,Ring,1998,https://boxd.it/26tw
2025-04-28,Jumanji: Welcome to the Jungle,2017,https://boxd.it/bUeE
2025-04-28,Dora and the Lost City of Gold,2019,https://boxd.it/i1VW
2025-05-02,Incantation,2022,https://boxd.it/wFiI
2025-05-06,Little Miss Sunshine,2006,https://boxd.it/29EW
2025-05-12,Final Destination 3,2006,https://boxd.it/1Z40
2025-05-12,The Final Destination,2009,https://boxd.it/1EmW
2025-05-16,Final Destination Bloodlines,2025,https://boxd.it/l5y4
2025-05-16,Heaven Is for Real,2014,https://boxd.it/6Ykc
2025-05-20,A Bronx Tale,1993,https://boxd.it/28uQ
2025-05-21,Mission: Impossible II,2000,https://boxd.it/29cS
2025-05-23,Mission: Impossible – The Final Reckoning,2025,https://boxd.it/l7A2
2025-05-23,Evil Dead Rise,2023,https://boxd.it/qIvo
2025-05-26,The Wolf House,2018,https://boxd.it/i1vE
2025-05-27,Lost Highway,1997,https://boxd.it/29Wc
2025-05-27,"Synecdoche, New York",2008,https://boxd.it/23zw
2025-05-28,The Elephant Man,1980,https://boxd.it/27LQ
2025-05-29,The Cranes Are Flying,1957,https://boxd.it/169Y
2025-05-30,Karate Kid: Legends,2025,https://boxd.it/CeNc
2025-05-30,Amores Perros,2000,https://boxd.it/2bfu
2025-06-02,Shorts,2009,https://boxd.it/1wl2
2025-06-03,I Dream in Another Language,2017,https://boxd.it/bZ5M
2025-06-04,Jamon Jamon,1992,https://boxd.it/24dQ
2025-06-12,George Harrison: Living in the Material World,2011,https://boxd.it/RWdM
2025-06-17,How to Train Your Dragon,2025,https://boxd.it/F7Je
2025-06-20,Birdemic 2: The Resurrection,2013,https://boxd.it/5HK6
2025-06-20,Birdemic 3: Sea Eagle,2022,https://boxd.it/r9Iu
2025-06-20,28 Years Later,2025,https://boxd.it/FEGM
2025-06-21,27 Dresses,2008,https://boxd.it/21x4
2025-06-24,Free Solo,2018,https://boxd.it/iEEq
2025-06-24,The Piano Teacher,2001,https://boxd.it/2886
2025-06-26,Pink Floyd: Live at Pompeii,1972,https://boxd.it/1v90
2025-06-26,F1,2025,https://boxd.it/yjVM
2025-06-27,Irreversible,2002,https://boxd.it/29as
2025-07-03,Jurassic World Rebirth,2025,https://boxd.it/KUeE
2025-07-09,Funeral Parade of Roses,1969,https://boxd.it/28Cg
2025-07-11,Ben-Hur,1959,https://boxd.it/29RQ
2025-07-13,Gentlemen Prefer Blondes,1953,https://boxd.it/29Hc
2025-07-14,Superman,2025,https://boxd.it/E9IU
2025-07-15,The Lego Batman Movie,2017,https://boxd.it/azp0
2025-07-15,Semi-Pro,2008,https://boxd.it/1Qw0
2025-07-15,Kangaroo Jack,2003,https://boxd.it/1VMM
2025-07-15,"Kangaroo Jack: G'Day, U.S.A.!",2004,https://boxd.it/omE
2025-07-15,Big Fat Liar,2002,https://boxd.it/1STg
2025-07-17,Uncle Buck,1989,https://boxd.it/26yG
2025-07-20,The Phantom of the Opera at the Royal Albert Hall,2011,https://boxd.it/2CMK
2025-07-25,Bride of Frankenstein,1935,https://boxd.it/2aPc
2025-07-25,KPop Demon Hunters,2025,https://boxd.it/ufwK
2025-07-27,Happy Gilmore 2,2025,https://boxd.it/M8PQ
2025-08-01,The Naked Gun,2025,https://boxd.it/Da9k
2025-08-01,The Naked Gun 2½: The Smell of Fear,1991,https://boxd.it/18Yu
2025-08-01,Naked Gun 33⅓: The Final Insult,1994,https://boxd.it/1afQ
2025-08-07,Freakier Friday,2025,https://boxd.it/GxwW
2025-08-10,Heretic,2024,https://boxd.it/H1lY
2025-08-11,Destino,2003,https://boxd.it/1cMM
2025-08-11,The God Man,2025,https://boxd.it/UBlQ
2025-08-11,Long-Haired Hare,1949,https://boxd.it/Fi
2025-08-11,Don't Hug Me I'm Scared 2,2014,https://boxd.it/7wdu
2025-08-11,Don't Hug Me I'm Scared,2011,https://boxd.it/4afW
2025-08-11,Don't Hug Me I'm Scared 6,2016,https://boxd.it/e9Ne
2025-08-11,Don't Hug Me I'm Scared 4,2015,https://boxd.it/b094
2025-08-11,Don't Hug Me I'm Scared 3,2014,https://boxd.it/9ytS
2025-08-11,Don't Hug Me I'm Scared 5,2015,https://boxd.it/cKU8
2025-08-11,13th,2016,https://boxd.it/elNg
2025-08-11,Titan: The OceanGate Submersible Disaster,2025,https://boxd.it/SMHk
2025-08-12,No Other Land,2024,https://boxd.it/KOTG
2025-08-16,Weapons,2025,https://boxd.it/EMTM
2025-08-27,Harakiri,1962,https://boxd.it/1NTU
2025-08-27,JoJo's Bizarre Adventure: Stardust Crusaders,2014,https://boxd.it/R17s
2025-08-27,JoJo's Bizarre Adventure: Phantom Blood,2007,https://boxd.it/dw0M
2025-08-27,JoJo's Bizarre Adventure: Diamond is Unbreakable,2016,https://boxd.it/R186
2025-08-27,JoJo's Bizarre Adventure: Golden Wind,2018,https://boxd.it/R18g
2025-08-27,JoJo's Bizarre Adventure: Stone Ocean,2021,https://boxd.it/R18q
2025-08-27,JoJo's Bizarre Adventure: Phantom Blood,2012,https://boxd.it/R17i
2025-08-27,JoJo’s Bizarre Adventure: Battle Tendency,2012,https://boxd.it/R17W
2025-09-05,Eddington,2025,https://boxd.it/o6MC
2025-09-06,The Conjuring: Last Rites,2025,https://boxd.it/Dh8e
2025-09-08,The Cabinet of Dr. Caligari,1920,https://boxd.it/2aOo
2025-09-08,FRED 3: Camp Fred,2012,https://boxd.it/4cHI
2025-09-09,Boogie Nights,1997,https://boxd.it/23um
2025-09-15,The Long Walk,2025,https://boxd.it/mic8
2025-09-27,One Battle After Another,2025,https://boxd.it/DUHM
2025-09-28,Lords of Dogtown,2005,https://boxd.it/1XOg
2025-10-03,The Smashing Machine,2025,https://boxd.it/syUC
2025-10-03,Good Time,2017,https://boxd.it/fcFu
2025-10-10,Antichrist,2009,https://boxd.it/1Inu
2025-10-11,Licorice Pizza,2021,https://boxd.it/qTKY
2025-10-15,House on Haunted Hill,1959,https://boxd.it/1Ln8
2025-10-20,The Lost Bus,2025,https://boxd.it/KYKE
2025-10-20,Black Phone 2,2025,https://boxd.it/JpbW
2025-10-24,Shrek the Halls,2007,https://boxd.it/1QgG
2025-10-25,Bugonia,2025,https://boxd.it/qeWY
2025-10-27,Gone Girl,2014,https://boxd.it/6hQu
2025-10-27,War of the Worlds,2005,https://boxd.it/2bde
2025-10-27,The Sixth Sense,1999,https://boxd.it/29Js
2025-10-31,Frankenstein,2025,https://boxd.it/Ecsg
2025-11-12,An American Werewolf in London,1981,https://boxd.it/29yk
2025-11-12,Disfluency,2018,https://boxd.it/iwIE
2025-11-13,Atonement,2007,https://boxd.it/24ui
2025-11-15,Now You See Me: Now You Don't,2025,https://boxd.it/f3i2
2025-11-21,Wicked: For Good,2025,https://boxd.it/AyfK
2025-11-26,Zootopia 2,2025,https://boxd.it/F0vO
2025-11-28,The Running Man,2025,https://boxd.it/u36A
2025-11-30,The Apprentice,2024,https://boxd.it/IPqG
2025-11-30,Music by John Williams,2024,https://boxd.it/EIDK
2025-11-30,Frankenstein: The Anatomy Lesson,2025,https://boxd.it/YLGC
2025-12-01,Snow Bear,2024,https://boxd.it/KDCa
2025-12-03,Rental Family,2025,https://boxd.it/JQOw
2025-12-06,Five Nights at Freddy's 2,2025,https://boxd.it/KEvY
2025-12-08,Hamnet,2025,https://boxd.it/woVy
2025-12-09,Die Hard,1988,https://boxd.it/2a7u
2025-12-10,World of Tomorrow,2015,https://boxd.it/9Gr6
2025-12-10,Anastasia,1997,https://boxd.it/1YFk
2025-12-13,Problem Child,1990,https://boxd.it/1UH2
2025-12-13,Beverly Hills Ninja,1997,https://boxd.it/1Ydg
2025-12-13,That's My Boy,2012,https://boxd.it/35IW
2025-12-14,The Ninth Gate,1999,https://boxd.it/29YM
2025-12-14,Chinatown,1974,https://boxd.it/29vU
2025-12-16,I Am Sam,2001,https://boxd.it/1V04
2025-12-16,Michael Jackson's Thriller,1983,https://boxd.it/3e76
2025-12-17,When Harry Met Sally...,1989,https://boxd.it/29W2
2025-12-21,The Battle of Algiers,1966,https://boxd.it/1IRY
2025-12-21,The Secret of Kells,2009,https://boxd.it/1sMI
2025-12-21,Eternity,2025,https://boxd.it/LYtK
2025-12-22,Avatar: Fire and Ash,2025,https://boxd.it/2W7s
2025-12-23,Self/less,2015,https://boxd.it/71yw
2025-12-24,Marty Supreme,2025,https://boxd.it/Off0
2025-12-26,Cast Away,2000,https://boxd.it/20i8
2025-12-29,Anaconda,2025,https://boxd.it/KV9g
2026-01-02,Tangerine,2015,https://boxd.it/9QRe
2026-01-02,Stranger Things 5: The Finale,2025,https://boxd.it/YqXW
2026-01-08,Mishima: A Life in Four Chapters,1985,https://boxd.it/1sBA
2026-01-09,The Man Who Could Not Remain Silent,2024,https://boxd.it/MLW2
